{"stats":{"minecraft:crafted":{"minecraft:wooden_shovel":1,"minecraft:cooked_porkchop":9,"minecraft:crafting_table":1,"minecraft:wooden_pickaxe":2,"minecraft:furnace":1,"minecraft:birch_planks":52,"minecraft:stone_axe":1,"minecraft:stick":20,"minecraft:stone_pickaxe":3,"minecraft:wooden_axe":2},"minecraft:custom":{"minecraft:interact_with_furnace":5,"minecraft:mob_kills":4,"minecraft:interact_with_crafting_table":7,"minecraft:play_one_minute":58540,"minecraft:leave_game":2,"minecraft:time_since_death":832,"minecraft:climb_one_cm":214,"minecraft:time_since_rest":888,"minecraft:sprint_one_cm":51300,"minecraft:damage_taken":450,"minecraft:walk_one_cm":230943,"minecraft:drop":20,"minecraft:damage_dealt":483,"minecraft:swim_one_cm":3231,"minecraft:fly_one_cm":22689,"minecraft:open_chest":3,"minecraft:crouch_one_cm":189,"minecraft:deaths":1,"minecraft:sneak_time":174,"minecraft:walk_under_water_one_cm":5419,"minecraft:jump":776,"minecraft:walk_on_water_one_cm":31750,"minecraft:fall_one_cm":9481},"minecraft:killed":{"minecraft:pig":3,"minecraft:spider":1},"minecraft:mined":{"astralsorcery:marble_bricks":42,"minecraft:lily_of_the_valley":2,"minecraft:sea_lantern":2,"minecraft:crafting_table":4,"minecraft:granite":3,"appliedenergistics2:charged_quartz_ore":3,"minecraft:allium":1,"minecraft:grass_block":4,"minecraft:poppy":3,"minecraft:chest":1,"minecraft:cobblestone":11,"minecraft:sugar_cane":7,"minecraft:furnace":1,"minecraft:birch_log":20,"minecraft:iron_ore":17,"minecraft:lilac":4,"minecraft:birch_leaves":1,"minecraft:andesite":1,"minecraft:pumpkin":3,"evilcraft:dark_ore":2,"minecraft:peony":10,"astralsorcery:marble_raw":91,"minecraft:grass":7,"minecraft:coal_ore":82,"minecraft:oak_log":34,"minecraft:sand":24,"minecraft:dirt":3,"astralsorcery:marble_chiseled":4,"astralsorcery:marble_pillar":13,"minecraft:stone":36,"appliedenergistics2:quartz_ore":9,"minecraft:oak_leaves":12,"biomesoplenty:reed":2},"minecraft:dropped":{"minecraft:lilac":4,"minecraft:cooked_porkchop":9,"minecraft:birch_sapling":3,"minecraft:lily_of_the_valley":2,"minecraft:poppy":3,"minecraft:peony":10,"minecraft:wooden_pickaxe":9},"minecraft:used":{"minecraft:stone_pickaxe":300,"minecraft:chest":1,"minecraft:wooden_pickaxe":32,"minecraft:wooden_shovel":39,"minecraft:dirt":7,"minecraft:crafting_table":6,"minecraft:wooden_axe":9,"minecraft:stone_axe":80,"minecraft:cobblestone":16,"minecraft:cooked_porkchop":2,"minecraft:furnace":2},"minecraft:broken":{"minecraft:stone_pickaxe":2},"minecraft:killed_by":{"minecraft:creeper":1},"minecraft:picked_up":{"minecraft:birch_log":20,"minecraft:crafting_table":5,"astralsorcery:marble_pillar":14,"minecraft:lilac":4,"minecraft:andesite":1,"minecraft:wooden_pickaxe":7,"minecraft:oak_log":35,"astralsorcery:aquamarine":2,"minecraft:dirt":9,"appliedenergistics2:certus_quartz_crystal":15,"minecraft:iron_ore":18,"minecraft:poppy":6,"minecraft:glowstone_dust":3,"astralsorcery:marble_raw":94,"minecraft:sugar_cane":13,"minecraft:chest":1,"minecraft:birch_sapling":3,"minecraft:furnace":1,"minecraft:stick":1,"minecraft:cooked_porkchop":6,"astralsorcery:constellation_paper":1,"minecraft:pumpkin":3,"appliedenergistics2:charged_certus_quartz_crystal":6,"minecraft:porkchop":9,"minecraft:sand":24,"astralsorcery:marble_bricks":42,"minecraft:lily_of_the_valley":4,"astralsorcery:marble_chiseled":4,"minecraft:rotten_flesh":2,"minecraft:peony":10,"evilcraft:dark_gem":10,"minecraft:granite":3,"minecraft:coal":82,"minecraft:cobblestone":50}},"DataVersion":2586}