{"stats":{"minecraft:used":{"appliedenergistics2:quartz_glass":19,"minecraft:dirt":2,"minecraft:beef":1},"minecraft:picked_up":{"minecraft:dirt":2},"minecraft:mined":{"minecraft:grass_block":2},"minecraft:custom":{"minecraft:jump":75,"minecraft:open_chest":1,"minecraft:time_since_rest":17087,"minecraft:leave_game":1,"minecraft:play_one_minute":17087,"minecraft:walk_on_water_one_cm":275,"minecraft:sprint_one_cm":6939,"minecraft:damage_taken":150,"minecraft:time_since_death":17087,"minecraft:walk_one_cm":4732,"minecraft:sneak_time":76,"minecraft:climb_one_cm":624,"minecraft:walk_under_water_one_cm":1390,"minecraft:fall_one_cm":2805,"minecraft:fly_one_cm":144121,"minecraft:open_barrel":2}},"DataVersion":2586}