{"stats":{"minecraft:used":{"minecraft:stone_sword":230,"minecraft:spruce_slab":1,"minecraft:shield":27,"minecraft:iron_sword":32,"astralsorcery:marble_bricks":7,"minecraft:rotten_flesh":18,"minecraft:torch":79,"minecraft:dirt":8,"minecraft:cyan_wool":2,"minecraft:iron_axe":31,"minecraft:smooth_quartz":5,"minecraft:stone_bricks":2,"minecraft:beef":3,"minecraft:furnace":8,"minecraft:egg":1,"minecraft:cooked_beef":11,"minecraft:cooked_mutton":12,"minecraft:water_bucket":6,"minecraft:diorite":5,"minecraft:iron_ore":2,"minecraft:polished_andesite":1,"minecraft:stone_pickaxe":159,"minecraft:oak_planks":26,"minecraft:wooden_pickaxe":21,"minecraft:cobblestone_slab":2,"minecraft:white_wool":7,"biomesoplenty:goldenrod":1,"minecraft:oak_slab":8,"minecraft:crafting_table":14,"minecraft:blast_furnace":1,"astralsorcery:marble_raw":1,"sophisticatedbackpacks:backpack":3,"minecraft:black_wool":1,"minecraft:light_gray_concrete":1,"minecraft:cyan_bed":1,"minecraft:bread":14,"minecraft:brown_wool":1,"minecraft:iron_pickaxe":350,"minecraft:gravel":4,"minecraft:stone_axe":188,"minecraft:cobblestone":66,"minecraft:cooked_porkchop":4,"minecraft:bucket":7,"minecraft:air":1,"minecraft:gray_wool":2,"minecraft:experience_bottle":5},"minecraft:dropped":{"sophisticatedbackpacks:upgrade_base":1,"minecraft:iron_ingot":8,"minecraft:wheat_seeds":1,"minecraft:cooked_beef":4,"minecraft:oak_fence":30,"minecraft:iron_helmet":1,"minecraft:rail":3,"minecraft:diorite":2,"minecraft:brown_wool":1,"minecraft:iron_leggings":1,"minecraft:white_wool":1,"minecraft:stone_axe":1,"appliedenergistics2:sky_stone_block":1,"minecraft:stone_sword":2,"minecraft:rotten_flesh":6,"minecraft:oak_planks":1,"minecraft:iron_boots":1,"minecraft:iron_chestplate":1,"minecraft:andesite":5},"minecraft:broken":{"minecraft:iron_pickaxe":1},"minecraft:picked_up":{"sophisticatedbackpacks:gold_backpack":2,"minecraft:crafting_table":16,"minecraft:iron_chestplate":5,"minecraft:redstone_block":3,"minecraft:chicken":10,"minecraft:redstone_lamp":12,"minecraft:smithing_table":1,"minecraft:gold_block":4,"minecraft:brewing_stand":1,"minecraft:shield":5,"minecraft:iron_axe":2,"minecraft:string":46,"minecraft:smooth_stone_slab":6,"minecraft:iron_leggings":5,"minecraft:blue_orchid":2,"minecraft:detector_rail":2,"minecraft:beef":109,"minecraft:melon_slice":55,"minecraft:poppy":1,"minecraft:cobblestone_slab":2,"minecraft:cyan_wool":2,"minecraft:observer":1,"minecraft:smooth_quartz":6,"minecraft:iron_pickaxe":7,"minecraft:spruce_slab":1,"minecraft:minecart":1,"astralsorcery:marble_raw":1,"minecraft:chest":2,"minecraft:iron_boots":2,"minecraft:furnace":6,"minecraft:egg":1,"minecraft:stick":1,"minecraft:oak_fence":32,"minecraft:torch":13,"sophisticatedbackpacks:backpack":2,"minecraft:porkchop":34,"minecraft:diorite":7,"minecraft:redstone":48,"minecraft:brown_carpet":1,"minecraft:stone_sword":1,"minecraft:arrow":21,"minecraft:rotten_flesh":42,"minecraft:hay_block":68,"minecraft:gold_ingot":8,"minecraft:mutton":53,"minecraft:cobblestone":119,"minecraft:rail":3,"minecraft:white_wool":42,"minecraft:water_bucket":2,"evilcraft:environmental_accumulation_core":1,"minecraft:feather":8,"minecraft:cooked_beef":10,"minecraft:andesite":7,"minecraft:brown_wool":2,"biomesoplenty:goldenrod":1,"minecraft:leather":59,"minecraft:smoker":1,"minecraft:oak_log":38,"evilcraft:flesh_humanoid":4,"astralsorcery:aquamarine":1,"minecraft:gunpowder":3,"minecraft:lapis_lazuli":101,"minecraft:dirt":8,"minecraft:cooked_mutton":13,"minecraft:bone":20,"minecraft:apple":5,"minecraft:stone_bricks":2,"minecraft:stonecutter":3,"minecraft:wheat_seeds":11,"minecraft:iron_ingot":43,"minecraft:iron_ore":178,"minecraft:iron_sword":2,"minecraft:oak_planks":71,"minecraft:book":48,"minecraft:oak_slab":8,"minecraft:gravel":5,"astralsorcery:marble_bricks":9,"minecraft:blast_furnace":1,"minecraft:ink_sac":3,"minecraft:cyan_bed":5,"minecraft:gold_ore":30,"minecraft:spider_eye":3,"appliedenergistics2:sky_stone_block":1,"minecraft:light_gray_concrete":1,"minecraft:polished_andesite":3,"minecraft:dispenser":1,"minecraft:diamond":8,"minecraft:iron_helmet":4,"evilcraft:dark_gem":180,"minecraft:granite":3,"minecraft:golden_apple":1,"minecraft:gray_wool":4,"minecraft:bread":74,"minecraft:oak_sapling":3,"minecraft:damaged_anvil":1,"minecraft:black_wool":1,"minecraft:coal":177},"minecraft:mined":{"minecraft:diamond_ore":8,"minecraft:brewing_stand":1,"minecraft:granite":3,"minecraft:grass_block":1,"evilcraft:environmental_accumulator":1,"minecraft:spawner":1,"minecraft:hay_block":68,"minecraft:redstone_ore":10,"minecraft:furnace":6,"minecraft:iron_ore":152,"minecraft:fire":1,"minecraft:andesite":2,"evilcraft:dark_ore":19,"minecraft:gold_block":4,"minecraft:bookshelf":16,"minecraft:cobblestone_slab":2,"minecraft:rail":1,"minecraft:light_gray_concrete":1,"minecraft:stone":74,"sophisticatedbackpacks:backpack":2,"minecraft:spruce_slab":1,"minecraft:smithing_table":1,"astralsorcery:marble_bricks":10,"minecraft:glass_pane":1,"minecraft:redstone_block":1,"minecraft:smoker":1,"minecraft:oak_fence":2,"minecraft:crafting_table":17,"minecraft:torch":1,"minecraft:blast_furnace":1,"minecraft:melon":12,"minecraft:chest":1,"minecraft:tall_grass":5,"minecraft:cobblestone":12,"minecraft:lapis_ore":16,"minecraft:cyan_bed":3,"biomesoplenty:huge_clover_petal":1,"minecraft:damaged_anvil":1,"minecraft:diorite":4,"minecraft:wall_torch":2,"biomesoplenty:goldenrod":1,"minecraft:cyan_wool":2,"minecraft:gray_wool":2,"minecraft:lilac":1,"minecraft:smooth_stone_slab":2,"astralsorcery:marble_raw":1,"minecraft:grass":10,"minecraft:oak_log":38,"minecraft:coal_ore":103,"minecraft:gravel":1,"minecraft:smooth_quartz":5,"minecraft:cobweb":34,"astralsorcery:aquamarine_sand_ore":1,"minecraft:polished_andesite":2,"minecraft:stonecutter":1,"minecraft:stone_bricks":2,"minecraft:gold_ore":30,"minecraft:oak_leaves":13,"minecraft:redstone_lamp":4},"minecraft:killed_by":{"minecraft:skeleton":9,"minecraft:zombie":3},"minecraft:killed":{"minecraft:spider":9,"minecraft:horse":4,"minecraft:skeleton":11,"minecraft:chicken":10,"minecraft:pig":15,"minecraft:zombie_villager":1,"minecraft:creeper":1,"minecraft:sheep":36,"minecraft:zombie":25,"minecraft:cow":53},"minecraft:crafted":{"minecraft:wooden_sword":1,"minecraft:oak_planks":84,"sophisticatedbackpacks:tool_swapper_upgrade":1,"minecraft:furnace":3,"sophisticatedbackpacks:crafting_upgrade":1,"minecraft:cooked_mutton":41,"minecraft:iron_boots":3,"minecraft:iron_axe":1,"minecraft:stone_pickaxe":2,"minecraft:chest":3,"sophisticatedbackpacks:iron_backpack":2,"minecraft:wheat":81,"minecraft:cooked_beef":54,"minecraft:wooden_shovel":1,"sophisticatedbackpacks:backpack":3,"minecraft:cooked_porkchop":34,"minecraft:crafting_table":2,"minecraft:wooden_pickaxe":3,"minecraft:iron_helmet":3,"sophisticatedbackpacks:gold_backpack":1,"minecraft:bucket":1,"minecraft:stone_axe":3,"sophisticatedbackpacks:upgrade_base":3,"minecraft:bread":27,"minecraft:air":0,"minecraft:iron_chestplate":2,"minecraft:shield":3,"minecraft:stick":52,"minecraft:iron_ingot":155,"minecraft:iron_pickaxe":3,"minecraft:wooden_axe":1,"minecraft:stone_sword":3,"minecraft:gold_ingot":53,"minecraft:iron_leggings":2,"minecraft:torch":72},"minecraft:custom":{"minecraft:mob_kills":169,"minecraft:interact_with_crafting_table":44,"minecraft:open_barrel":10,"minecraft:damage_dealt_resisted":557,"minecraft:leave_game":4,"minecraft:time_since_death":6892,"minecraft:climb_one_cm":7789,"minecraft:sprint_one_cm":621971,"minecraft:walk_one_cm":203944,"minecraft:drop":25,"minecraft:damage_dealt_absorbed":51,"minecraft:deaths":13,"minecraft:sneak_time":8212,"minecraft:walk_under_water_one_cm":4801,"minecraft:jump":3128,"minecraft:interact_with_blast_furnace":11,"minecraft:walk_on_water_one_cm":13951,"minecraft:interact_with_furnace":121,"minecraft:play_one_minute":157867,"minecraft:sleep_in_bed":1,"minecraft:time_since_rest":6933,"minecraft:damage_taken":5889,"minecraft:damage_dealt":20110,"minecraft:swim_one_cm":16644,"minecraft:fly_one_cm":656080,"minecraft:open_chest":21,"minecraft:crouch_one_cm":18974,"minecraft:fall_one_cm":88342}},"DataVersion":2586}