{"stats":{"minecraft:crafted":{"minecraft:cooked_beef":9,"minecraft:oak_planks":24,"minecraft:cooked_porkchop":9,"minecraft:crafting_table":1,"minecraft:wooden_pickaxe":1,"minecraft:furnace":1,"minecraft:stone_axe":1,"minecraft:air":0,"minecraft:stick":8,"minecraft:stone_pickaxe":1,"minecraft:stone_sword":1,"minecraft:chest":1},"minecraft:used":{"minecraft:stone_sword":41,"minecraft:stone_pickaxe":53,"minecraft:oak_planks":5,"minecraft:wooden_pickaxe":9,"minecraft:cobblestone_slab":2,"astralsorcery:marble_bricks":4,"biomesoplenty:goldenrod":1,"minecraft:crafting_table":2,"astralsorcery:marble_raw":1,"minecraft:stone_axe":51,"minecraft:cobblestone":8,"minecraft:beef":3,"minecraft:furnace":1,"minecraft:cooked_porkchop":4},"minecraft:custom":{"minecraft:interact_with_furnace":20,"minecraft:mob_kills":36,"minecraft:interact_with_crafting_table":7,"minecraft:open_barrel":3,"minecraft:play_one_minute":35141,"minecraft:time_since_death":73,"minecraft:leave_game":3,"minecraft:climb_one_cm":44,"minecraft:time_since_rest":111,"minecraft:sprint_one_cm":102832,"minecraft:damage_taken":462,"minecraft:walk_one_cm":47933,"minecraft:damage_dealt":3568,"minecraft:swim_one_cm":3068,"minecraft:fly_one_cm":154569,"minecraft:open_chest":3,"minecraft:crouch_one_cm":1116,"minecraft:deaths":1,"minecraft:sneak_time":605,"minecraft:walk_under_water_one_cm":730,"minecraft:jump":788,"minecraft:walk_on_water_one_cm":3596,"minecraft:fall_one_cm":17778},"minecraft:killed_by":{"minecraft:skeleton":1},"minecraft:picked_up":{"minecraft:crafting_table":2,"evilcraft:environmental_accumulation_core":1,"minecraft:feather":2,"minecraft:chicken":4,"biomesoplenty:goldenrod":1,"minecraft:leather":13,"minecraft:oak_log":23,"astralsorcery:aquamarine":1,"minecraft:string":3,"minecraft:beef":28,"minecraft:cobblestone_slab":2,"astralsorcery:marble_raw":1,"minecraft:furnace":1,"minecraft:book":24,"minecraft:porkchop":9,"astralsorcery:marble_bricks":4,"minecraft:ink_sac":3,"minecraft:cyan_bed":1,"minecraft:spider_eye":2,"minecraft:hay_block":3,"minecraft:gray_wool":2,"minecraft:mutton":14,"minecraft:coal":53,"minecraft:white_wool":8,"minecraft:cobblestone":24},"minecraft:killed":{"minecraft:pig":4,"minecraft:spider":3,"minecraft:sheep":10,"minecraft:zombie":1,"minecraft:chicken":4,"minecraft:cow":13},"minecraft:mined":{"astralsorcery:marble_bricks":4,"minecraft:crafting_table":2,"evilcraft:environmental_accumulator":1,"minecraft:tall_grass":2,"minecraft:cobblestone":5,"minecraft:cyan_bed":1,"biomesoplenty:goldenrod":1,"minecraft:hay_block":3,"minecraft:furnace":1,"minecraft:fire":1,"minecraft:lilac":1,"astralsorcery:marble_raw":1,"minecraft:grass":3,"minecraft:bookshelf":8,"minecraft:oak_log":23,"minecraft:coal_ore":28,"minecraft:cobblestone_slab":2,"astralsorcery:aquamarine_sand_ore":1,"minecraft:stone":19,"minecraft:oak_leaves":1}},"DataVersion":2586}