{"stats":{"minecraft:mined":{"minecraft:grass":1,"minecraft:oak_log":18,"minecraft:tall_grass":1,"minecraft:stone":9},"minecraft:picked_up":{"minecraft:leather":2,"minecraft:beef":3,"minecraft:oak_log":18,"minecraft:cobblestone":9},"minecraft:used":{"minecraft:stone_axe":12,"minecraft:stone_sword":5,"minecraft:wooden_pickaxe":9},"minecraft:crafted":{"minecraft:stone_sword":1,"minecraft:oak_planks":24,"minecraft:crafting_table":1,"minecraft:stone_axe":1,"minecraft:stick":8,"minecraft:wooden_pickaxe":1,"minecraft:stone_pickaxe":1},"minecraft:killed":{"minecraft:cow":2},"minecraft:custom":{"minecraft:time_since_rest":12792,"minecraft:play_one_minute":12792,"minecraft:crouch_one_cm":1,"minecraft:sprint_one_cm":15418,"minecraft:walk_one_cm":6320,"minecraft:sneak_time":87,"minecraft:mob_kills":2,"minecraft:jump":92,"minecraft:damage_dealt":200,"minecraft:leave_game":1,"minecraft:time_since_death":12792,"minecraft:interact_with_crafting_table":2,"minecraft:fall_one_cm":1163,"minecraft:fly_one_cm":18027}},"DataVersion":2586}