{"stats":{"minecraft:custom":{"minecraft:mob_kills":180,"minecraft:interact_with_crafting_table":46,"minecraft:open_barrel":11,"minecraft:damage_dealt_resisted":557,"minecraft:leave_game":7,"minecraft:time_since_death":49806,"minecraft:climb_one_cm":8925,"minecraft:sprint_one_cm":767759,"minecraft:walk_one_cm":236317,"minecraft:drop":40,"minecraft:damage_dealt_absorbed":51,"minecraft:deaths":13,"minecraft:sneak_time":9002,"minecraft:walk_under_water_one_cm":17564,"minecraft:jump":4170,"minecraft:interact_with_blast_furnace":15,"minecraft:walk_on_water_one_cm":23766,"minecraft:interact_with_furnace":131,"minecraft:play_one_minute":200781,"minecraft:sleep_in_bed":5,"minecraft:time_since_rest":5935,"minecraft:damage_taken":6696,"minecraft:damage_dealt":21624,"minecraft:swim_one_cm":30918,"minecraft:open_chest":35,"minecraft:fly_one_cm":910676,"minecraft:crouch_one_cm":21025,"minecraft:fall_one_cm":117760},"minecraft:crafted":{"minecraft:wooden_sword":1,"minecraft:oak_planks":108,"minecraft:redstone":9,"sophisticatedbackpacks:tool_swapper_upgrade":1,"minecraft:cooked_chicken":2,"minecraft:furnace":3,"sophisticatedbackpacks:crafting_upgrade":1,"minecraft:cooked_mutton":41,"minecraft:iron_boots":3,"minecraft:iron_axe":1,"minecraft:stone_pickaxe":2,"minecraft:chest":3,"sophisticatedbackpacks:iron_backpack":2,"minecraft:wheat":81,"minecraft:cooked_beef":77,"minecraft:wooden_shovel":1,"sophisticatedbackpacks:backpack":3,"minecraft:cooked_porkchop":34,"minecraft:crafting_table":3,"minecraft:wooden_pickaxe":3,"minecraft:iron_helmet":3,"sophisticatedbackpacks:gold_backpack":1,"minecraft:bucket":1,"minecraft:stone_axe":3,"sophisticatedbackpacks:upgrade_base":3,"minecraft:bread":27,"minecraft:air":0,"minecraft:iron_chestplate":2,"minecraft:shield":3,"sophisticatedbackpacks:diamond_backpack":1,"minecraft:stick":52,"minecraft:iron_ingot":176,"minecraft:iron_pickaxe":3,"minecraft:wooden_axe":1,"minecraft:stone_sword":3,"minecraft:iron_leggings":2,"minecraft:gold_ingot":53,"minecraft:torch":72},"minecraft:killed":{"minecraft:spider":9,"minecraft:horse":4,"minecraft:skeleton":14,"minecraft:chicken":10,"minecraft:pig":15,"minecraft:zombie_villager":1,"minecraft:creeper":1,"minecraft:sheep":36,"minecraft:zombie":25,"minecraft:cow":61},"minecraft:mined":{"minecraft:diamond_ore":8,"blue_skies:moonstone":1,"minecraft:brewing_stand":2,"minecraft:granite":3,"minecraft:grass_block":1,"evilcraft:environmental_accumulator":3,"minecraft:spruce_leaves":7,"minecraft:spawner":1,"minecraft:hay_block":68,"minecraft:redstone_ore":10,"minecraft:furnace":6,"minecraft:iron_ore":152,"minecraft:fire":4,"minecraft:andesite":2,"evilcraft:dark_ore":19,"minecraft:gold_block":4,"minecraft:bookshelf":24,"blue_skies:spider_webbing":2,"minecraft:cobblestone_slab":2,"minecraft:rail":1,"minecraft:light_gray_concrete":1,"biomesoplenty:barley":2,"minecraft:stone":88,"sophisticatedbackpacks:backpack":2,"minecraft:spruce_slab":1,"minecraft:smithing_table":1,"astralsorcery:marble_bricks":13,"minecraft:glass_pane":1,"minecraft:redstone_block":1,"minecraft:smoker":1,"minecraft:oak_fence":2,"minecraft:crafting_table":17,"minecraft:torch":1,"minecraft:oak_wood":6,"minecraft:blast_furnace":2,"minecraft:melon":12,"minecraft:chest":2,"minecraft:lectern":2,"minecraft:tall_grass":5,"minecraft:cobblestone":12,"minecraft:lapis_ore":16,"minecraft:cyan_bed":6,"biomesoplenty:huge_clover_petal":1,"minecraft:oak_planks":1,"minecraft:damaged_anvil":1,"minecraft:diorite":4,"minecraft:wall_torch":2,"biomesoplenty:goldenrod":1,"minecraft:cyan_wool":2,"minecraft:gray_wool":2,"biomesoplenty:yellow_autumn_leaves":1,"minecraft:lilac":1,"minecraft:stripped_oak_wood":2,"minecraft:smooth_stone_slab":2,"astralsorcery:marble_raw":3,"minecraft:grass":12,"minecraft:oak_log":38,"minecraft:coal_ore":103,"minecraft:gravel":1,"minecraft:smooth_quartz":5,"minecraft:cobweb":34,"astralsorcery:aquamarine_sand_ore":1,"minecraft:polished_andesite":2,"minecraft:stonecutter":1,"minecraft:stone_bricks":2,"minecraft:gold_ore":30,"minecraft:oak_leaves":13,"minecraft:redstone_lamp":4},"minecraft:dropped":{"sophisticatedbackpacks:upgrade_base":1,"minecraft:iron_ingot":8,"minecraft:wheat_seeds":11,"minecraft:cooked_beef":4,"astralsorcery:marble_raw":1,"minecraft:iron_helmet":1,"minecraft:oak_fence":34,"minecraft:rail":3,"minecraft:polished_andesite":1,"minecraft:diorite":2,"minecraft:brown_wool":1,"minecraft:iron_leggings":1,"minecraft:gold_nugget":3,"minecraft:white_wool":1,"minecraft:stone_axe":1,"appliedenergistics2:sky_stone_block":1,"minecraft:stone_sword":2,"minecraft:smooth_stone_slab":3,"astralsorcery:marble_bricks":6,"minecraft:rotten_flesh":13,"minecraft:oak_planks":1,"minecraft:iron_boots":1,"minecraft:poppy":1,"minecraft:iron_chestplate":1,"minecraft:andesite":5,"minecraft:brown_carpet":1,"minecraft:blue_orchid":2},"minecraft:broken":{"minecraft:iron_pickaxe":1},"minecraft:used":{"minecraft:stone_sword":230,"minecraft:flint_and_steel":3,"minecraft:spruce_slab":1,"minecraft:shield":37,"minecraft:iron_sword":71,"astralsorcery:marble_bricks":8,"minecraft:rotten_flesh":18,"minecraft:torch":79,"minecraft:dirt":8,"minecraft:cyan_wool":2,"minecraft:iron_axe":51,"minecraft:smooth_quartz":5,"minecraft:stone_bricks":2,"minecraft:beef":3,"minecraft:furnace":8,"minecraft:egg":1,"minecraft:cooked_beef":16,"blue_skies:moonstone":1,"minecraft:iron_ore":2,"minecraft:cooked_mutton":12,"minecraft:diorite":5,"minecraft:water_bucket":33,"minecraft:oak_planks":30,"minecraft:stone_pickaxe":159,"minecraft:polished_andesite":1,"minecraft:wooden_pickaxe":21,"minecraft:cobblestone_slab":2,"minecraft:white_wool":7,"biomesoplenty:goldenrod":1,"minecraft:oak_slab":8,"minecraft:crafting_table":15,"minecraft:blast_furnace":1,"astralsorcery:marble_raw":2,"sophisticatedbackpacks:backpack":3,"minecraft:black_wool":1,"minecraft:bread":26,"minecraft:light_gray_concrete":1,"minecraft:cyan_bed":4,"minecraft:brown_wool":1,"minecraft:iron_pickaxe":373,"minecraft:gravel":4,"minecraft:stone_axe":188,"minecraft:cobblestone":80,"minecraft:cooked_porkchop":4,"minecraft:bucket":34,"minecraft:air":1,"minecraft:gray_wool":2,"minecraft:experience_bottle":5},"minecraft:killed_by":{"minecraft:skeleton":9,"minecraft:zombie":3},"minecraft:picked_up":{"sophisticatedbackpacks:gold_backpack":2,"minecraft:iron_chestplate":5,"minecraft:crafting_table":20,"minecraft:redstone_block":3,"minecraft:chicken":10,"minecraft:redstone_lamp":12,"minecraft:smithing_table":1,"minecraft:gold_block":4,"minecraft:brewing_stand":2,"minecraft:shield":5,"minecraft:string":48,"minecraft:iron_axe":2,"minecraft:smooth_stone_slab":6,"minecraft:iron_leggings":5,"minecraft:blue_orchid":2,"minecraft:detector_rail":2,"minecraft:spruce_planks":1,"minecraft:beef":124,"minecraft:cobblestone_slab":2,"minecraft:cyan_wool":2,"minecraft:observer":1,"minecraft:poppy":1,"minecraft:smooth_quartz":6,"minecraft:iron_pickaxe":7,"minecraft:spruce_slab":1,"minecraft:minecart":1,"minecraft:lectern":2,"astralsorcery:marble_raw":3,"minecraft:melon_slice":55,"minecraft:chest":3,"minecraft:furnace":6,"minecraft:iron_boots":2,"minecraft:egg":1,"minecraft:stick":3,"minecraft:oak_fence":34,"minecraft:torch":13,"sophisticatedbackpacks:backpack":2,"minecraft:porkchop":34,"minecraft:diorite":7,"minecraft:redstone":48,"minecraft:brown_carpet":1,"minecraft:stone_sword":1,"minecraft:arrow":25,"minecraft:rotten_flesh":42,"minecraft:hay_block":68,"minecraft:gold_ingot":8,"minecraft:mutton":53,"minecraft:rail":3,"minecraft:white_wool":42,"minecraft:cobblestone":133,"evilcraft:environmental_accumulation_core":3,"minecraft:feather":8,"minecraft:cooked_beef":10,"minecraft:water_bucket":2,"minecraft:andesite":7,"biomesoplenty:goldenrod":1,"minecraft:brown_wool":2,"minecraft:leather":69,"minecraft:filled_map":1,"minecraft:smoker":1,"blue_skies:moonstone":1,"minecraft:oak_log":38,"evilcraft:flesh_humanoid":4,"astralsorcery:aquamarine":1,"minecraft:gunpowder":3,"minecraft:lapis_lazuli":101,"minecraft:dirt":8,"minecraft:cooked_mutton":13,"minecraft:bone":24,"minecraft:apple":5,"minecraft:stone_bricks":2,"minecraft:stonecutter":3,"minecraft:wheat_seeds":11,"minecraft:iron_ingot":43,"minecraft:iron_ore":178,"minecraft:stripped_oak_wood":6,"minecraft:glowstone_dust":3,"minecraft:iron_sword":2,"minecraft:oak_planks":72,"minecraft:book":72,"minecraft:oak_slab":8,"minecraft:gravel":5,"astralsorcery:marble_bricks":15,"minecraft:blast_furnace":2,"minecraft:ink_sac":3,"minecraft:cyan_bed":8,"minecraft:gold_ore":30,"minecraft:oak_wood":6,"minecraft:spider_eye":3,"appliedenergistics2:sky_stone_block":1,"minecraft:light_gray_concrete":1,"minecraft:polished_andesite":3,"minecraft:dispenser":1,"minecraft:diamond":8,"evilcraft:dark_gem":180,"minecraft:iron_helmet":4,"minecraft:granite":3,"minecraft:golden_apple":1,"minecraft:gray_wool":4,"minecraft:bread":74,"minecraft:oak_sapling":7,"minecraft:damaged_anvil":1,"minecraft:black_wool":1,"minecraft:coal":177}},"DataVersion":2586}