{"stats":{"minecraft:crafted":{"minecraft:oak_planks":80,"minecraft:crafting_table":1,"minecraft:wooden_pickaxe":1,"minecraft:iron_helmet":1,"minecraft:stone_axe":1,"minecraft:iron_boots":1,"minecraft:iron_chestplate":1,"minecraft:stick":20,"minecraft:stone_pickaxe":2,"minecraft:wooden_axe":1,"minecraft:iron_leggings":1,"minecraft:torch":20},"minecraft:custom":{"minecraft:interact_with_furnace":11,"minecraft:mob_kills":7,"minecraft:interact_with_crafting_table":6,"minecraft:play_one_minute":68926,"minecraft:leave_game":7,"minecraft:time_since_death":34969,"minecraft:climb_one_cm":514,"minecraft:time_since_rest":34997,"minecraft:sprint_one_cm":130205,"minecraft:damage_taken":1146,"minecraft:walk_one_cm":183870,"minecraft:drop":29,"minecraft:damage_dealt":1550,"minecraft:swim_one_cm":13150,"minecraft:fly_one_cm":83279,"minecraft:open_chest":3,"minecraft:crouch_one_cm":6651,"minecraft:deaths":3,"minecraft:sneak_time":1892,"minecraft:walk_under_water_one_cm":1519,"minecraft:jump":729,"minecraft:walk_on_water_one_cm":11511,"minecraft:fall_one_cm":17691},"minecraft:killed":{"minecraft:creeper":1,"minecraft:skeleton":1,"minecraft:zombie":5},"minecraft:mined":{"astralsorcery:marble_bricks":1,"biomesoplenty:watergrass":19,"minecraft:crafting_table":2,"minecraft:torch":1,"minecraft:grass_block":19,"minecraft:poppy":1,"minecraft:melon":4,"minecraft:tall_grass":48,"minecraft:cobblestone":13,"blue_skies:maple_crafting_table":2,"minecraft:wall_torch":5,"minecraft:large_fern":7,"minecraft:seagrass":1,"minecraft:iron_ore":51,"minecraft:andesite":3,"astralsorcery:marble_raw":10,"minecraft:grass":55,"biomesoplenty:clover":1,"minecraft:oak_log":25,"minecraft:coal_ore":68,"minecraft:cobblestone_slab":1,"minecraft:dirt":18,"astralsorcery:marble_pillar":2,"minecraft:stone":13,"appliedenergistics2:quartz_ore":3,"minecraft:oak_leaves":35,"minecraft:fern":1,"biomesoplenty:reed":21},"minecraft:dropped":{"astralsorcery:aquamarine":4,"minecraft:wheat_seeds":12,"minecraft:crafting_table":1,"minecraft:prismarine_crystals":3,"minecraft:glowstone_dust":3,"astralsorcery:marble_pillar":1,"minecraft:poppy":3,"minecraft:cobblestone_slab":1,"minecraft:wooden_axe":1,"minecraft:oak_sapling":1,"minecraft:wooden_pickaxe":1,"biomesoplenty:mahogany_sapling":2,"astralsorcery:constellation_paper":2},"minecraft:used":{"minecraft:stone_pickaxe":144,"minecraft:wooden_pickaxe":27,"minecraft:rotten_flesh":2,"minecraft:torch":20,"minecraft:dirt":55,"minecraft:crafting_table":1,"minecraft:wooden_axe":16,"minecraft:melon_slice":5,"blue_skies:maple_crafting_table":2,"minecraft:stone_axe":28,"minecraft:cooked_porkchop":4},"minecraft:broken":{"minecraft:stone_pickaxe":1},"minecraft:killed_by":{"minecraft:creeper":1},"minecraft:picked_up":{"minecraft:wooden_axe":2,"minecraft:birch_log":7,"minecraft:crafting_table":2,"astralsorcery:marble_pillar":15,"minecraft:andesite":4,"minecraft:birch_planks":25,"minecraft:oak_log":60,"astralsorcery:aquamarine":4,"minecraft:gunpowder":2,"minecraft:dirt":88,"minecraft:wheat_seeds":14,"appliedenergistics2:certus_quartz_crystal":20,"minecraft:iron_ingot":30,"minecraft:iron_ore":68,"minecraft:cobblestone_slab":1,"minecraft:wooden_shovel":1,"minecraft:poppy":3,"minecraft:glowstone_dust":6,"astralsorcery:marble_raw":101,"minecraft:melon_slice":20,"minecraft:sugar_cane":13,"minecraft:stick":9,"astralsorcery:constellation_paper":2,"minecraft:cooked_porkchop":7,"minecraft:pumpkin":3,"minecraft:torch":6,"minecraft:sand":24,"astralsorcery:marble_bricks":43,"minecraft:prismarine_crystals":5,"astralsorcery:tome":1,"astralsorcery:marble_chiseled":4,"biomesoplenty:mahogany_log":4,"minecraft:arrow":1,"minecraft:rotten_flesh":9,"blue_skies:maple_crafting_table":3,"minecraft:stone_axe":1,"biomesoplenty:mahogany_sapling":2,"evilcraft:dark_gem":10,"minecraft:granite":3,"minecraft:oak_sapling":1,"minecraft:coal":148,"minecraft:cobblestone":37}},"DataVersion":2586}