{"stats":{"minecraft:used":{"minecraft:dirt":4,"minecraft:acacia_log":1},"minecraft:picked_up":{"minecraft:wheat_seeds":6,"minecraft:acacia_log":1,"minecraft:dirt":4},"minecraft:dropped":{"minecraft:wheat_seeds":6},"minecraft:custom":{"minecraft:time_since_rest":51,"minecraft:play_one_minute":5822,"minecraft:crouch_one_cm":221,"minecraft:sprint_one_cm":8608,"minecraft:walk_one_cm":18844,"minecraft:damage_taken":240,"minecraft:deaths":1,"minecraft:sneak_time":25,"minecraft:drop":6,"minecraft:jump":156,"minecraft:damage_dealt":20,"minecraft:leave_game":1,"minecraft:time_since_death":0,"minecraft:fall_one_cm":6783,"minecraft:fly_one_cm":15944},"minecraft:mined":{"minecraft:grass":52,"minecraft:acacia_log":1,"minecraft:grass_block":3,"minecraft:tall_grass":4}},"DataVersion":2586}