{"stats":{"minecraft:used":{"minecraft:dirt":4,"minecraft:acacia_log":1},"minecraft:mined":{"minecraft:grass":54,"minecraft:acacia_log":1,"minecraft:grass_block":3,"minecraft:tall_grass":4},"minecraft:custom":{"minecraft:time_since_rest":3375,"minecraft:crouch_one_cm":221,"minecraft:play_one_minute":9146,"minecraft:sprint_one_cm":19096,"minecraft:deaths":1,"minecraft:damage_taken":260,"minecraft:walk_one_cm":20680,"minecraft:sneak_time":25,"minecraft:drop":6,"minecraft:jump":204,"minecraft:damage_dealt":20,"minecraft:leave_game":2,"minecraft:time_since_death":3212,"minecraft:fall_one_cm":8499,"minecraft:fly_one_cm":24452},"minecraft:dropped":{"minecraft:wheat_seeds":6},"minecraft:picked_up":{"minecraft:wheat_seeds":6,"minecraft:acacia_log":1,"minecraft:dirt":4}},"DataVersion":2586}