{"stats":{"minecraft:mined":{"minecraft:grass":7,"minecraft:oak_log":5,"minecraft:grass_block":4,"minecraft:dirt":5,"minecraft:tall_grass":23,"minecraft:oak_leaves":4},"minecraft:picked_up":{"astralsorcery:tome":1,"minecraft:stick":1,"minecraft:wheat_seeds":1,"minecraft:oak_log":6,"minecraft:dirt":21},"minecraft:dropped":{"minecraft:wheat_seeds":1},"minecraft:custom":{"minecraft:time_since_rest":15559,"minecraft:crouch_one_cm":208,"minecraft:play_one_minute":24265,"minecraft:sprint_one_cm":16122,"minecraft:damage_taken":615,"minecraft:deaths":1,"minecraft:walk_one_cm":14545,"minecraft:sneak_time":23,"minecraft:drop":1,"minecraft:jump":110,"minecraft:damage_dealt":15,"minecraft:leave_game":3,"minecraft:time_since_death":15534,"minecraft:fall_one_cm":3149,"minecraft:fly_one_cm":15657},"minecraft:used":{"minecraft:dirt":7},"minecraft:killed_by":{"minecraft:creeper":1}},"DataVersion":2586}