{"stats":{"minecraft:used":{"minecraft:dirt":5},"minecraft:mined":{"minecraft:grass":2,"minecraft:tall_grass":1,"minecraft:grass_block":5},"minecraft:custom":{"minecraft:jump":33,"minecraft:open_chest":3,"minecraft:time_since_rest":9729,"minecraft:crouch_one_cm":256,"minecraft:damage_dealt":20,"minecraft:play_one_minute":9729,"minecraft:walk_on_water_one_cm":452,"minecraft:sprint_one_cm":1190,"minecraft:damage_taken":46,"minecraft:time_since_death":9729,"minecraft:walk_one_cm":10205,"minecraft:sneak_time":576,"minecraft:fall_one_cm":753,"minecraft:drop":1,"minecraft:fly_one_cm":218409,"minecraft:leave_game":1,"minecraft:open_barrel":2},"minecraft:picked_up":{"minecraft:dandelion":1,"minecraft:dirt":5},"minecraft:dropped":{"minecraft:dandelion":1}},"DataVersion":2586}