{"stats":{"minecraft:custom":{"minecraft:interact_with_furnace":9,"minecraft:mob_kills":7,"minecraft:interact_with_crafting_table":4,"minecraft:play_one_minute":29931,"minecraft:damage_dealt_resisted":42,"minecraft:leave_game":1,"minecraft:time_since_death":1626,"minecraft:sleep_in_bed":4,"minecraft:climb_one_cm":1044,"minecraft:time_since_rest":1778,"minecraft:sprint_one_cm":56811,"minecraft:damage_taken":620,"minecraft:walk_one_cm":48339,"minecraft:drop":13,"minecraft:damage_dealt":1942,"minecraft:swim_one_cm":6784,"minecraft:talked_to_villager":5,"minecraft:fly_one_cm":114859,"minecraft:open_chest":4,"minecraft:crouch_one_cm":1144,"minecraft:deaths":1,"minecraft:sneak_time":749,"minecraft:walk_under_water_one_cm":1809,"minecraft:boat_one_cm":25381,"minecraft:jump":555,"minecraft:interact_with_blast_furnace":1,"minecraft:walk_on_water_one_cm":6256,"minecraft:fall_one_cm":9451},"minecraft:crafted":{"minecraft:cooked_beef":2,"minecraft:cooked_porkchop":4,"minecraft:crafting_table":1,"minecraft:wooden_pickaxe":1,"minecraft:bucket":1,"minecraft:stick":8},"minecraft:killed":{"minecraft:pig":1,"minecraft:iron_golem":1,"minecraft:zombie":2,"minecraft:cow":4},"minecraft:mined":{"minecraft:white_bed":2,"minecraft:crafting_table":2,"minecraft:blast_furnace":1,"minecraft:grass_block":11,"minecraft:tall_grass":21,"biomesoplenty:goldenrod":1,"minecraft:hay_block":7,"minecraft:smooth_stone":1,"minecraft:wheat":1,"minecraft:grass_path":4,"minecraft:grass":54,"minecraft:oak_log":13,"minecraft:beetroots":1,"minecraft:dirt":4,"minecraft:stripped_oak_log":1,"biomesoplenty:barley":77,"astralsorcery:aquamarine_sand_ore":1,"minecraft:stone":9,"minecraft:oak_leaves":4},"minecraft:dropped":{"minecraft:wheat_seeds":16,"astralsorcery:aquamarine":3,"minecraft:rotten_flesh":1,"minecraft:dirt":4,"minecraft:beef":7},"minecraft:used":{"minecraft:beetroot":1,"minecraft:water_bucket":3,"minecraft:wooden_pickaxe":12,"astralsorcery:marble_bricks":1,"minecraft:rotten_flesh":1,"minecraft:dirt":20,"biomesoplenty:goldenrod":2,"minecraft:crafting_table":2,"minecraft:white_bed":1,"minecraft:oak_log":1,"minecraft:apple":1,"minecraft:iron_axe":55,"minecraft:cooked_porkchop":2,"minecraft:beetroot_seeds":1,"minecraft:bucket":4,"minecraft:cooked_beef":2},"minecraft:killed_by":{"minecraft:skeleton":1},"minecraft:picked_up":{"minecraft:stripped_oak_log":1,"minecraft:crafting_table":2,"biomesoplenty:goldenrod":4,"minecraft:leather":4,"minecraft:oak_log":13,"astralsorcery:aquamarine":3,"minecraft:dirt":24,"minecraft:iron_axe":1,"minecraft:apple":1,"minecraft:beetroot":1,"minecraft:wheat_seeds":18,"minecraft:beef":17,"minecraft:iron_ingot":4,"minecraft:poppy":2,"sophisticatedbackpacks:backpack":1,"minecraft:porkchop":1,"astralsorcery:marble_bricks":1,"minecraft:blast_furnace":1,"minecraft:white_bed":2,"minecraft:rotten_flesh":3,"minecraft:beetroot_seeds":1,"minecraft:hay_block":7,"minecraft:cobblestone":9}},"DataVersion":2586}