{"stats":{"minecraft:mined":{"minecraft:grass":4,"minecraft:acacia_log":5,"minecraft:grass_block":2,"minecraft:dirt":1,"minecraft:stone":10},"minecraft:picked_up":{"minecraft:acacia_log":5,"minecraft:dirt":3,"minecraft:cobblestone":10},"minecraft:custom":{"minecraft:time_since_rest":4607,"minecraft:play_one_minute":4607,"minecraft:crouch_one_cm":280,"minecraft:sprint_one_cm":1722,"minecraft:damage_taken":54,"minecraft:walk_one_cm":1936,"minecraft:sneak_time":288,"minecraft:jump":30,"minecraft:leave_game":7,"minecraft:time_since_death":4607,"minecraft:interact_with_crafting_table":2,"minecraft:fall_one_cm":1511,"minecraft:fly_one_cm":4994},"minecraft:used":{"minecraft:dirt":3,"minecraft:cobblestone":7,"minecraft:crafting_table":1,"minecraft:stone_pickaxe":7,"minecraft:wooden_pickaxe":3},"minecraft:crafted":{"minecraft:acacia_planks":20,"minecraft:crafting_table":1,"minecraft:stick":8,"minecraft:stone_pickaxe":1,"minecraft:wooden_pickaxe":1}},"DataVersion":2586}