{"stats":{"minecraft:used":{"minecraft:dandelion":1,"storagedrawers:oak_half_drawers_1":4,"biomesoplenty:stripped_cherry_wood":14},"minecraft:dropped":{"biomesoplenty:stripped_cherry_wood":192,"minecraft:dandelion":1},"minecraft:picked_up":{"astralsorcery:constellation_paper":1,"minecraft:dandelion":3,"minecraft:iron_ingot":5,"minecraft:gold_ingot":1,"minecraft:glowstone_dust":1,"biomesoplenty:stripped_cherry_wood":64},"minecraft:custom":{"minecraft:open_barrel":7,"minecraft:time_since_rest":16319,"minecraft:open_chest":4,"minecraft:crouch_one_cm":13,"minecraft:play_one_minute":32030,"minecraft:sprint_one_cm":6226,"minecraft:deaths":1,"minecraft:damage_taken":390,"minecraft:walk_one_cm":28303,"minecraft:sneak_time":405,"minecraft:walk_under_water_one_cm":9549,"minecraft:drop":4,"minecraft:jump":130,"minecraft:damage_dealt":36,"minecraft:leave_game":2,"minecraft:walk_on_water_one_cm":2532,"minecraft:time_since_death":16295,"minecraft:climb_one_cm":845,"minecraft:swim_one_cm":554,"minecraft:fall_one_cm":4186,"minecraft:fly_one_cm":463150}},"DataVersion":2586}