{"stats":{"minecraft:used":{"biomesoplenty:stripped_cherry_wood":14,"minecraft:dandelion":1,"storagedrawers:oak_half_drawers_1":4},"minecraft:custom":{"minecraft:open_chest":2,"minecraft:time_since_rest":13781,"minecraft:play_one_minute":13781,"minecraft:crouch_one_cm":13,"minecraft:sprint_one_cm":2094,"minecraft:walk_one_cm":20753,"minecraft:sneak_time":307,"minecraft:walk_under_water_one_cm":3034,"minecraft:drop":4,"minecraft:jump":50,"minecraft:damage_dealt":36,"minecraft:leave_game":1,"minecraft:time_since_death":13781,"minecraft:walk_on_water_one_cm":1804,"minecraft:fly_one_cm":285944,"minecraft:open_barrel":5},"minecraft:dropped":{"biomesoplenty:stripped_cherry_wood":192,"minecraft:dandelion":1},"minecraft:picked_up":{"astralsorcery:constellation_paper":1,"minecraft:dandelion":3,"minecraft:iron_ingot":5,"minecraft:gold_ingot":1,"minecraft:glowstone_dust":1,"biomesoplenty:stripped_cherry_wood":64}},"DataVersion":2586}