{"stats":{"minecraft:crafted":{"minecraft:oak_planks":184,"biomesoplenty:mahogany_planks":136,"minecraft:furnace":5,"sophisticatedbackpacks:crafting_upgrade":1,"minecraft:cooked_mutton":3,"minecraft:iron_axe":1,"minecraft:stone_pickaxe":2,"minecraft:chest":2,"sophisticatedbackpacks:iron_backpack":1,"minecraft:cooked_beef":19,"sophisticatedbackpacks:backpack":1,"biomesoplenty:jacaranda_planks":20,"minecraft:cooked_porkchop":1,"minecraft:crafting_table":7,"biomesoplenty:redwood_planks":112,"minecraft:wooden_pickaxe":1,"minecraft:baked_potato":1,"minecraft:iron_sword":1,"sophisticatedbackpacks:gold_backpack":1,"minecraft:bucket":1,"minecraft:stone_axe":1,"minecraft:air":0,"minecraft:oak_boat":2,"minecraft:diamond_pickaxe":1,"minecraft:stick":40,"minecraft:iron_ingot":42,"minecraft:iron_pickaxe":3,"minecraft:wooden_axe":1,"minecraft:stone_sword":2,"biomesoplenty:mahogany_boat":1,"minecraft:gold_ingot":24,"minecraft:white_bed":2,"minecraft:torch":36},"minecraft:custom":{"minecraft:interact_with_smithing_table":2,"minecraft:mob_kills":48,"minecraft:interact_with_crafting_table":28,"minecraft:open_barrel":6,"minecraft:damage_dealt_resisted":7,"minecraft:leave_game":11,"minecraft:time_since_death":183308,"minecraft:climb_one_cm":15306,"minecraft:sprint_one_cm":347839,"minecraft:walk_one_cm":603181,"minecraft:drop":44,"minecraft:damage_dealt_absorbed":27,"minecraft:talked_to_villager":3,"minecraft:sneak_time":7192,"minecraft:deaths":4,"minecraft:walk_under_water_one_cm":6265,"minecraft:boat_one_cm":10436,"minecraft:jump":4018,"minecraft:interact_with_blast_furnace":7,"minecraft:walk_on_water_one_cm":23415,"minecraft:interact_with_furnace":46,"minecraft:play_one_minute":236350,"minecraft:sleep_in_bed":9,"minecraft:time_since_rest":5935,"minecraft:damage_taken":3116,"minecraft:damage_dealt":7123,"minecraft:swim_one_cm":36660,"minecraft:open_chest":45,"minecraft:fly_one_cm":698717,"minecraft:crouch_one_cm":17713,"minecraft:fall_one_cm":109266},"minecraft:killed":{"minecraft:horse":1,"minecraft:skeleton":8,"minecraft:chicken":4,"minecraft:pig":10,"minecraft:sheep":6,"minecraft:zombie":7,"minecraft:cow":10},"minecraft:mined":{"minecraft:diamond_ore":8,"minecraft:white_bed":6,"minecraft:jungle_leaves":4,"minecraft:dark_oak_log":13,"minecraft:ladder":1,"minecraft:granite":6,"appliedenergistics2:charged_quartz_ore":1,"biomesoplenty:bush":1,"minecraft:grass_block":30,"minecraft:jungle_log":2,"minecraft:hay_block":37,"biomesoplenty:jacaranda_log":5,"minecraft:magma_block":4,"minecraft:redstone_ore":24,"minecraft:furnace":3,"minecraft:iron_ore":69,"biomesoplenty:lavender":2,"minecraft:andesite":7,"evilcraft:dark_ore":3,"minecraft:gold_block":1,"biomesoplenty:redwood_log":37,"biomesoplenty:mahogany_leaves":16,"minecraft:rail":1,"minecraft:purple_carpet":2,"astralsorcery:marble_pillar":1,"minecraft:stone":115,"sophisticatedbackpacks:backpack":1,"minecraft:white_wool":3,"minecraft:oak_slab":1,"astralsorcery:marble_bricks":12,"biomesoplenty:jacaranda_planks":2,"minecraft:brown_carpet":1,"minecraft:observer":1,"minecraft:crafting_table":4,"minecraft:blast_furnace":1,"minecraft:poppy":1,"minecraft:mushroom_stem":1,"minecraft:tall_grass":9,"minecraft:cobblestone":30,"blue_skies:maple_crafting_table":2,"minecraft:lapis_ore":1,"biomesoplenty:huge_clover_petal":1,"minecraft:oak_planks":9,"minecraft:bricks":1,"minecraft:diorite":14,"minecraft:wall_torch":1,"biomesoplenty:goldenrod":2,"appliedenergistics2:sky_stone_chest":2,"minecraft:cyan_wool":4,"minecraft:gray_wool":3,"biomesoplenty:mahogany_log":37,"minecraft:lilac":1,"minecraft:white_carpet":1,"minecraft:spruce_log":2,"minecraft:yellow_bed":1,"minecraft:grass_path":2,"astralsorcery:marble_raw":5,"minecraft:grass":25,"biomesoplenty:clover":3,"minecraft:oak_log":58,"minecraft:coal_ore":135,"biomesoplenty:redwood_leaves":8,"appliedenergistics2:sky_stone_block":29,"minecraft:gravel":2,"minecraft:dirt":27,"minecraft:cobweb":10,"astralsorcery:aquamarine_sand_ore":1,"minecraft:dispenser":1,"minecraft:stone_bricks":1,"appliedenergistics2:quartz_ore":36,"minecraft:gold_ore":47,"minecraft:oak_leaves":17,"minecraft:fern":2},"minecraft:dropped":{"minecraft:iron_ingot":42,"minecraft:wheat_seeds":2,"minecraft:cooked_beef":3,"minecraft:iron_helmet":1,"minecraft:dirt":5,"minecraft:diorite":1,"minecraft:wooden_axe":1,"blue_skies:maple_crafting_table":1,"minecraft:iron_axe":1,"minecraft:iron_pickaxe":2,"minecraft:lily_pad":2,"minecraft:gold_ingot":8,"minecraft:rotten_flesh":1,"minecraft:oak_planks":22,"sophisticatedbackpacks:backpack":1,"minecraft:white_bed":1,"minecraft:stone_bricks":1,"minecraft:purple_carpet":1},"minecraft:broken":{"minecraft:iron_pickaxe":1},"minecraft:used":{"minecraft:stone_sword":157,"minecraft:iron_sword":44,"astralsorcery:marble_bricks":3,"minecraft:rotten_flesh":11,"minecraft:torch":30,"minecraft:dirt":52,"minecraft:white_carpet":1,"minecraft:granite":2,"minecraft:wooden_axe":38,"minecraft:iron_axe":151,"blue_skies:maple_crafting_table":1,"minecraft:oak_sapling":1,"minecraft:furnace":6,"minecraft:cooked_beef":16,"minecraft:cooked_mutton":3,"minecraft:diorite":8,"minecraft:baked_potato":1,"minecraft:stone_pickaxe":99,"minecraft:oak_planks":14,"minecraft:wooden_pickaxe":12,"minecraft:golden_hoe":31,"biomesoplenty:goldenrod":1,"minecraft:crafting_table":11,"minecraft:blast_furnace":1,"minecraft:white_bed":7,"astralsorcery:marble_raw":4,"biomesoplenty:jacaranda_planks":8,"minecraft:diamond_pickaxe":98,"minecraft:bread":18,"minecraft:iron_pickaxe":363,"minecraft:stone_axe":27,"minecraft:gravel":1,"biomesoplenty:mahogany_boat":1,"minecraft:cobblestone":89,"minecraft:cooked_porkchop":1,"minecraft:andesite":3,"minecraft:bucket":1,"minecraft:yellow_bed":1,"minecraft:oak_boat":5,"minecraft:purple_carpet":1,"minecraft:smooth_stone":1,"minecraft:experience_bottle":3},"minecraft:killed_by":{"minecraft:skeleton":1,"minecraft:zombie":3},"minecraft:picked_up":{"minecraft:wooden_axe":1,"biomesoplenty:redwood_log":37,"minecraft:cocoa_beans":3,"minecraft:crafting_table":6,"minecraft:iron_chestplate":1,"astralsorcery:marble_pillar":2,"minecraft:chicken":4,"minecraft:wooden_pickaxe":1,"minecraft:gold_block":1,"biomesoplenty:jacaranda_sapling":2,"appliedenergistics2:sky_stone_chest":2,"minecraft:string":9,"minecraft:iron_leggings":1,"minecraft:white_carpet":1,"minecraft:gold_nugget":5,"minecraft:smooth_stone":1,"minecraft:beef":21,"minecraft:oak_boat":3,"minecraft:observer":1,"minecraft:poppy":1,"minecraft:iron_pickaxe":2,"minecraft:light_gray_wool":1,"astralsorcery:marble_raw":5,"minecraft:iron_boots":1,"minecraft:furnace":3,"minecraft:stick":9,"minecraft:oak_fence":14,"minecraft:torch":10,"appliedenergistics2:charged_certus_quartz_crystal":1,"sophisticatedbackpacks:backpack":1,"minecraft:porkchop":12,"minecraft:diorite":15,"minecraft:redstone":160,"minecraft:tnt":1,"minecraft:stone_sword":2,"minecraft:arrow":10,"minecraft:rotten_flesh":25,"biomesoplenty:jacaranda_log":5,"blue_skies:maple_crafting_table":2,"minecraft:hay_block":37,"minecraft:gold_ingot":1,"biomesoplenty:redwood_sapling":1,"minecraft:mutton":7,"minecraft:rail":5,"minecraft:white_wool":7,"minecraft:cobblestone":184,"biomesoplenty:lavender":1,"minecraft:magma_block":4,"minecraft:cooked_beef":7,"minecraft:andesite":10,"minecraft:jungle_log":2,"biomesoplenty:goldenrod":1,"minecraft:leather":15,"minecraft:potato":2,"minecraft:oak_log":61,"minecraft:lily_pad":3,"astralsorcery:aquamarine":7,"minecraft:yellow_bed":1,"biomesoplenty:jacaranda_planks":2,"minecraft:lapis_lazuli":9,"minecraft:dirt":83,"minecraft:purple_carpet":2,"minecraft:bone":12,"sophisticatedbackpacks:upgrade_base":1,"minecraft:stone_bricks":1,"minecraft:wheat_seeds":3,"appliedenergistics2:certus_quartz_crystal":55,"minecraft:iron_ingot":10,"minecraft:stone_pickaxe":2,"minecraft:iron_ore":94,"minecraft:glowstone_dust":2,"minecraft:oak_planks":168,"biomesoplenty:mahogany_planks":45,"minecraft:oak_slab":1,"minecraft:gravel":3,"astralsorcery:marble_bricks":10,"minecraft:blast_furnace":1,"minecraft:white_bed":7,"minecraft:spruce_log":2,"minecraft:gold_ore":69,"minecraft:dark_oak_log":13,"astralsorcery:tome":1,"appliedenergistics2:sky_stone_block":29,"biomesoplenty:mahogany_log":34,"minecraft:dispenser":1,"minecraft:diamond":8,"minecraft:stone_axe":1,"minecraft:iron_helmet":1,"evilcraft:dark_gem":17,"minecraft:granite":6,"minecraft:gray_wool":1,"minecraft:oak_sapling":1,"minecraft:black_wool":1,"minecraft:coal":226}},"DataVersion":2586}