{"stats":{"minecraft:used":{"minecraft:stone_sword":157,"minecraft:iron_sword":19,"minecraft:rotten_flesh":11,"minecraft:torch":30,"minecraft:dirt":26,"minecraft:granite":2,"minecraft:wooden_axe":38,"blue_skies:maple_crafting_table":1,"minecraft:furnace":5,"minecraft:cooked_beef":12,"minecraft:cooked_mutton":2,"minecraft:diorite":8,"minecraft:stone_pickaxe":99,"minecraft:baked_potato":1,"minecraft:oak_planks":10,"minecraft:wooden_pickaxe":12,"minecraft:crafting_table":11,"minecraft:blast_furnace":1,"astralsorcery:marble_raw":4,"minecraft:diamond_pickaxe":11,"minecraft:bread":5,"minecraft:iron_pickaxe":363,"minecraft:gravel":1,"minecraft:stone_axe":27,"minecraft:cobblestone":72,"minecraft:cooked_porkchop":1,"minecraft:andesite":3,"minecraft:bucket":1,"minecraft:yellow_bed":1,"minecraft:experience_bottle":3},"minecraft:dropped":{"minecraft:iron_ingot":12,"minecraft:iron_helmet":1,"minecraft:diorite":1,"minecraft:iron_pickaxe":2,"minecraft:gold_ingot":8,"minecraft:oak_planks":22,"minecraft:stone_bricks":1},"minecraft:broken":{"minecraft:iron_pickaxe":1},"minecraft:picked_up":{"minecraft:wooden_axe":1,"minecraft:crafting_table":6,"minecraft:iron_chestplate":1,"astralsorcery:marble_pillar":2,"minecraft:chicken":4,"minecraft:wooden_pickaxe":1,"appliedenergistics2:sky_stone_chest":1,"minecraft:string":9,"minecraft:iron_leggings":1,"minecraft:beef":10,"minecraft:iron_pickaxe":2,"minecraft:light_gray_wool":1,"astralsorcery:marble_raw":5,"minecraft:iron_boots":1,"minecraft:furnace":2,"minecraft:stick":4,"minecraft:oak_fence":14,"minecraft:torch":10,"appliedenergistics2:charged_certus_quartz_crystal":1,"sophisticatedbackpacks:backpack":1,"minecraft:porkchop":2,"minecraft:diorite":11,"minecraft:redstone":160,"minecraft:stone_sword":2,"minecraft:arrow":10,"minecraft:rotten_flesh":24,"blue_skies:maple_crafting_table":2,"minecraft:gold_ingot":1,"minecraft:mutton":6,"minecraft:cobblestone":150,"minecraft:white_wool":4,"minecraft:rail":5,"minecraft:cooked_beef":4,"minecraft:andesite":10,"minecraft:leather":5,"minecraft:potato":2,"minecraft:oak_log":61,"astralsorcery:aquamarine":3,"minecraft:yellow_bed":1,"minecraft:lapis_lazuli":9,"minecraft:dirt":52,"minecraft:bone":12,"sophisticatedbackpacks:upgrade_base":1,"minecraft:stone_bricks":1,"appliedenergistics2:certus_quartz_crystal":52,"minecraft:stone_pickaxe":2,"minecraft:iron_ingot":10,"minecraft:iron_ore":94,"minecraft:glowstone_dust":2,"minecraft:oak_planks":165,"minecraft:gravel":3,"astralsorcery:marble_bricks":2,"minecraft:blast_furnace":1,"minecraft:gold_ore":69,"appliedenergistics2:sky_stone_block":9,"astralsorcery:tome":1,"minecraft:diamond":8,"minecraft:stone_axe":1,"minecraft:iron_helmet":1,"evilcraft:dark_gem":13,"minecraft:granite":6,"minecraft:oak_sapling":1,"minecraft:black_wool":1,"minecraft:coal":225},"minecraft:mined":{"minecraft:diamond_ore":8,"minecraft:granite":6,"appliedenergistics2:charged_quartz_ore":1,"minecraft:grass_block":14,"minecraft:redstone_ore":24,"minecraft:furnace":2,"minecraft:iron_ore":69,"minecraft:andesite":7,"evilcraft:dark_ore":2,"minecraft:rail":1,"astralsorcery:marble_pillar":1,"minecraft:stone":94,"sophisticatedbackpacks:backpack":1,"astralsorcery:marble_bricks":1,"minecraft:brown_carpet":1,"minecraft:crafting_table":4,"minecraft:blast_furnace":1,"minecraft:tall_grass":7,"minecraft:cobblestone":17,"minecraft:lapis_ore":1,"blue_skies:maple_crafting_table":2,"biomesoplenty:huge_clover_petal":1,"minecraft:oak_planks":6,"minecraft:bricks":1,"minecraft:diorite":10,"minecraft:wall_torch":1,"appliedenergistics2:sky_stone_chest":1,"minecraft:cyan_wool":4,"minecraft:gray_wool":3,"minecraft:lilac":1,"minecraft:yellow_bed":1,"astralsorcery:marble_raw":5,"minecraft:grass":11,"biomesoplenty:clover":3,"minecraft:oak_log":58,"minecraft:coal_ore":134,"appliedenergistics2:sky_stone_block":9,"minecraft:gravel":2,"minecraft:dirt":11,"minecraft:cobweb":10,"minecraft:stone_bricks":1,"appliedenergistics2:quartz_ore":34,"minecraft:gold_ore":47,"minecraft:oak_leaves":12},"minecraft:killed_by":{"minecraft:skeleton":1,"minecraft:zombie":3},"minecraft:killed":{"minecraft:skeleton":7,"minecraft:chicken":4,"minecraft:pig":2,"minecraft:sheep":5,"minecraft:zombie":6,"minecraft:cow":4},"minecraft:crafted":{"minecraft:oak_planks":184,"minecraft:furnace":4,"sophisticatedbackpacks:crafting_upgrade":1,"minecraft:cooked_mutton":2,"minecraft:stone_pickaxe":2,"minecraft:chest":1,"sophisticatedbackpacks:iron_backpack":1,"minecraft:cooked_beef":14,"minecraft:cooked_porkchop":1,"minecraft:crafting_table":7,"minecraft:wooden_pickaxe":1,"minecraft:baked_potato":1,"minecraft:iron_sword":1,"sophisticatedbackpacks:gold_backpack":1,"minecraft:bucket":1,"minecraft:stone_axe":1,"minecraft:air":0,"minecraft:diamond_pickaxe":1,"minecraft:stick":36,"minecraft:iron_ingot":42,"minecraft:iron_pickaxe":3,"minecraft:stone_sword":2,"minecraft:wooden_axe":1,"minecraft:gold_ingot":24,"minecraft:torch":36},"minecraft:custom":{"minecraft:interact_with_smithing_table":2,"minecraft:mob_kills":30,"minecraft:interact_with_crafting_table":27,"minecraft:open_barrel":4,"minecraft:damage_dealt_resisted":7,"minecraft:leave_game":8,"minecraft:time_since_death":88252,"minecraft:climb_one_cm":7970,"minecraft:sprint_one_cm":197238,"minecraft:walk_one_cm":421620,"minecraft:drop":26,"minecraft:damage_dealt_absorbed":27,"minecraft:talked_to_villager":1,"minecraft:deaths":4,"minecraft:sneak_time":4863,"minecraft:walk_under_water_one_cm":237,"minecraft:jump":1794,"minecraft:interact_with_blast_furnace":4,"minecraft:walk_on_water_one_cm":13695,"minecraft:interact_with_furnace":34,"minecraft:play_one_minute":141294,"minecraft:sleep_in_bed":2,"minecraft:time_since_rest":20092,"minecraft:damage_taken":2489,"minecraft:damage_dealt":5118,"minecraft:fly_one_cm":290845,"minecraft:open_chest":25,"minecraft:crouch_one_cm":11476,"minecraft:fall_one_cm":44539}},"DataVersion":2586}