{"stats":{"minecraft:picked_up":{"minecraft:wheat_seeds":2,"minecraft:dirt":8},"minecraft:used":{"minecraft:dirt":8},"minecraft:custom":{"minecraft:jump":62,"minecraft:time_since_rest":3362,"minecraft:damage_dealt":231,"minecraft:play_one_minute":3362,"minecraft:sprint_one_cm":115,"minecraft:damage_taken":50,"minecraft:time_since_death":3362,"minecraft:walk_one_cm":6046,"minecraft:mob_kills":1,"minecraft:fall_one_cm":1045,"minecraft:fly_one_cm":1326},"minecraft:mined":{"minecraft:grass":18,"minecraft:grass_block":9,"minecraft:acacia_leaves":2},"minecraft:killed":{"minecraft:zombie":1}},"DataVersion":2586}