{"stats":{"minecraft:used":{"minecraft:dirt":13},"minecraft:picked_up":{"minecraft:arrow":2,"minecraft:bone":2,"minecraft:wheat_seeds":8,"minecraft:acacia_log":2,"minecraft:dirt":32},"minecraft:killed":{"minecraft:skeleton":1,"minecraft:zombie":1},"minecraft:killed_by":{"minecraft:skeleton":1},"minecraft:custom":{"minecraft:time_since_rest":10290,"minecraft:damage_taken":310,"minecraft:play_one_minute":14693,"minecraft:sprint_one_cm":9257,"minecraft:deaths":1,"minecraft:walk_one_cm":16076,"minecraft:sneak_time":98,"minecraft:mob_kills":2,"minecraft:jump":229,"minecraft:damage_dealt":409,"minecraft:leave_game":3,"minecraft:walk_on_water_one_cm":27,"minecraft:time_since_death":10263,"minecraft:fall_one_cm":7558,"minecraft:fly_one_cm":115038},"minecraft:mined":{"minecraft:grass":34,"minecraft:acacia_log":2,"minecraft:grass_block":12,"minecraft:acacia_leaves":3,"minecraft:dirt":7,"minecraft:tall_grass":2}},"DataVersion":2586}