{"stats":{"minecraft:mined":{"minecraft:grass_block":3,"minecraft:oak_log":21,"astralsorcery:marble_bricks":1,"minecraft:dirt":1,"astralsorcery:marble_pillar":1,"minecraft:tall_grass":4,"minecraft:stone":10,"minecraft:crafting_table":1,"minecraft:oak_leaves":8,"minecraft:coal_ore":2},"minecraft:picked_up":{"minecraft:bone":2,"minecraft:crafting_table":1,"astralsorcery:marble_pillar":1,"astralsorcery:marble_bricks":1,"minecraft:oak_log":21,"minecraft:coal":2,"minecraft:cobblestone":10,"minecraft:dirt":4},"minecraft:used":{"minecraft:stone_axe":19,"minecraft:stone_sword":4,"minecraft:crafting_table":1,"minecraft:stone_pickaxe":5,"minecraft:wooden_pickaxe":12},"minecraft:crafted":{"minecraft:stone_sword":1,"minecraft:oak_planks":64,"minecraft:stone_axe":1,"minecraft:crafting_table":1,"minecraft:stick":8,"minecraft:wooden_pickaxe":1,"minecraft:stone_pickaxe":1},"minecraft:killed":{"minecraft:skeleton":1},"minecraft:custom":{"minecraft:open_chest":1,"minecraft:time_since_rest":9453,"minecraft:play_one_minute":9453,"minecraft:sprint_one_cm":14233,"minecraft:damage_taken":150,"minecraft:walk_one_cm":26462,"minecraft:walk_under_water_one_cm":7,"minecraft:mob_kills":1,"minecraft:jump":188,"minecraft:leave_game":1,"minecraft:damage_dealt":200,"minecraft:walk_on_water_one_cm":67,"minecraft:time_since_death":9453,"minecraft:interact_with_crafting_table":2,"minecraft:fall_one_cm":4184,"minecraft:fly_one_cm":32268}},"DataVersion":2586}