{"stats":{"minecraft:crafted":{"minecraft:cooked_beef":10,"minecraft:oak_planks":64,"minecraft:crafting_table":1,"minecraft:stick":8,"minecraft:wooden_pickaxe":1,"minecraft:stone_pickaxe":1,"minecraft:stone_sword":1,"minecraft:furnace":1,"minecraft:stone_axe":1,"minecraft:air":0},"minecraft:used":{"minecraft:stone_sword":51,"minecraft:stone_pickaxe":49,"minecraft:wooden_pickaxe":12,"minecraft:stone_axe":27,"minecraft:dirt":17,"minecraft:crafting_table":2,"minecraft:furnace":1,"astralsorcery:marble_raw":1,"minecraft:cooked_beef":5},"minecraft:custom":{"minecraft:time_since_rest":15589,"minecraft:interact_with_furnace":5,"minecraft:sprint_one_cm":41012,"minecraft:damage_taken":775,"minecraft:walk_one_cm":87031,"minecraft:mob_kills":11,"minecraft:damage_dealt":1938,"minecraft:crouch_one_cm":459,"minecraft:interact_with_crafting_table":4,"minecraft:fly_one_cm":72906,"minecraft:open_chest":1,"minecraft:play_one_minute":26466,"minecraft:deaths":1,"minecraft:sneak_time":121,"minecraft:walk_under_water_one_cm":7,"minecraft:jump":474,"minecraft:leave_game":3,"minecraft:time_since_death":15548,"minecraft:walk_on_water_one_cm":172,"minecraft:fall_one_cm":9573},"minecraft:killed_by":{"minecraft:zombie":1},"minecraft:picked_up":{"minecraft:crafting_table":3,"minecraft:stick":2,"astralsorcery:marble_pillar":2,"minecraft:andesite":3,"minecraft:leather":5,"minecraft:wooden_pickaxe":1,"astralsorcery:marble_bricks":2,"minecraft:oak_log":32,"minecraft:diorite":1,"astralsorcery:aquamarine":3,"minecraft:dirt":42,"astralsorcery:tome":1,"minecraft:arrow":1,"minecraft:stone_sword":1,"minecraft:bone":6,"minecraft:rotten_flesh":8,"minecraft:stone_axe":1,"appliedenergistics2:certus_quartz_crystal":10,"minecraft:iron_ore":1,"evilcraft:dark_gem":3,"minecraft:beef":10,"minecraft:iron_ingot":1,"minecraft:stone_pickaxe":1,"minecraft:gold_ingot":1,"minecraft:glowstone_dust":2,"astralsorcery:marble_raw":2,"minecraft:mutton":2,"minecraft:oak_planks":53,"minecraft:coal":59,"minecraft:white_wool":2,"minecraft:cobblestone":24,"minecraft:furnace":1},"minecraft:mined":{"astralsorcery:marble_bricks":1,"minecraft:furnace":1,"minecraft:iron_ore":1,"minecraft:crafting_table":2,"astralsorcery:marble_raw":1,"minecraft:grass":2,"biomesoplenty:clover":2,"minecraft:grass_block":4,"minecraft:oak_log":27,"minecraft:coal_ore":27,"minecraft:dirt":2,"astralsorcery:marble_pillar":1,"minecraft:tall_grass":4,"biomesoplenty:huge_clover_petal":1,"minecraft:stone":18,"appliedenergistics2:quartz_ore":7,"minecraft:oak_leaves":9},"minecraft:killed":{"minecraft:sheep":2,"minecraft:skeleton":2,"minecraft:zombie":3,"minecraft:cow":4}},"DataVersion":2586}