{"stats":{"minecraft:mined":{"minecraft:grass":29,"minecraft:acacia_leaves":3,"minecraft:grass_block":9,"minecraft:dirt":7,"minecraft:tall_grass":2},"minecraft:killed_by":{"minecraft:skeleton":1},"minecraft:picked_up":{"minecraft:bone":1,"minecraft:arrow":2,"minecraft:wheat_seeds":3,"minecraft:dirt":13},"minecraft:killed":{"minecraft:skeleton":1,"minecraft:zombie":1},"minecraft:custom":{"minecraft:time_since_rest":3421,"minecraft:deaths":1,"minecraft:play_one_minute":7824,"minecraft:sprint_one_cm":7436,"minecraft:walk_one_cm":9549,"minecraft:damage_taken":300,"minecraft:mob_kills":2,"minecraft:jump":189,"minecraft:damage_dealt":381,"minecraft:leave_game":1,"minecraft:time_since_death":3394,"minecraft:fall_one_cm":7558,"minecraft:fly_one_cm":21538},"minecraft:used":{"minecraft:dirt":13}},"DataVersion":2586}