{"stats":{"minecraft:mined":{"minecraft:grass":6,"minecraft:oak_log":2,"minecraft:sugar_cane":5,"minecraft:sand":3},"minecraft:custom":{"minecraft:jump":65,"minecraft:time_since_rest":1919,"minecraft:play_one_minute":1919,"minecraft:leave_game":1,"minecraft:sprint_one_cm":6112,"minecraft:time_since_death":1919,"minecraft:walk_one_cm":555,"minecraft:fall_one_cm":3042,"minecraft:fly_one_cm":21697},"minecraft:picked_up":{"minecraft:sand":3,"minecraft:oak_log":2,"minecraft:sugar_cane":8,"minecraft:wheat_seeds":1}},"DataVersion":2586}