{
  "minecraft:recipes/misc/charcoal": {
    "criteria": {
      "has_log": "2024-06-06 03:19:57 +0000"
    },
    "done": true
  },
  "minecraft:recipes/building_blocks/acacia_wood": {
    "criteria": {
      "has_log": "2024-06-06 03:19:57 +0000"
    },
    "done": true
  },
  "minecraft:recipes/building_blocks/acacia_planks": {
    "criteria": {
      "has_log": "2024-06-06 03:19:57 +0000"
    },
    "done": true
  },
  "minecraft:adventure/adventuring_time": {
    "criteria": {
      "minecraft:savanna_plateau": "2024-06-06 03:18:12 +0000",
      "minecraft:savanna": "2024-06-06 03:16:38 +0000"
    },
    "done": false
  },
  "DataVersion": 2586
}