{
  "minecraft:recipes/redstone/lever": {
    "criteria": {
      "has_cobblestone": "2024-06-11 03:35:06 +0000"
    },
    "done": true
  },
  "minecraft:recipes/building_blocks/cobblestone_stairs_from_cobblestone_stonecutting": {
    "criteria": {
      "has_cobblestone": "2024-06-11 03:35:06 +0000"
    },
    "done": true
  },
  "mcwdoors:recipes/birch/birch_barn_glass_door": {
    "criteria": {
      "has_planks": "2024-06-11 03:51:34 +0000"
    },
    "done": true
  },
  "minecraft:recipes/building_blocks/magenta_concrete_powder": {
    "criteria": {
      "has_sand": "2024-06-11 03:51:34 +0000"
    },
    "done": true
  },
  "minecraft:recipes/combat/iron_sword": {
    "criteria": {
      "has_iron_ingot": "2024-06-11 03:14:41 +0000"
    },
    "done": true
  },
  "mcwdoors:recipes/oak/oak_four_panel_door": {
    "criteria": {
      "has_planks": "2024-06-11 03:14:39 +0000"
    },
    "done": true
  },
  "biomesoplenty:recipes/transportation/willow_boat": {
    "criteria": {
      "in_water": "2024-06-11 03:21:55 +0000"
    },
    "done": true
  },
  "astralsorcery:root": {
    "criteria": {
      "astralsorcery_present": "2024-06-08 02:32:17 +0000"
    },
    "done": true
  },
  "minecraft:recipes/building_blocks/polished_andesite_stairs_from_andesite_stonecutting": {
    "criteria": {
      "has_andesite": "2024-06-11 03:43:12 +0000"
    },
    "done": true
  },
  "minecraft:recipes/building_blocks/lime_concrete_powder": {
    "criteria": {
      "has_sand": "2024-06-11 03:51:34 +0000"
    },
    "done": true
  },
  "minecraft:recipes/tools/iron_pickaxe": {
    "criteria": {
      "has_iron_ingot": "2024-06-11 03:14:41 +0000"
    },
    "done": true
  },
  "blue_skies:recipes/blue_skies_dungeon/glowing_nature_stonebrick_from_glowstone": {
    "criteria": {
      "has_item": "2024-06-11 03:33:50 +0000"
    },
    "done": true
  },
  "minecraft:recipes/building_blocks/yellow_concrete_powder": {
    "criteria": {
      "has_sand": "2024-06-11 03:51:34 +0000"
    },
    "done": true
  },
  "minecraft:recipes/misc/pumpkin_seeds": {
    "criteria": {
      "has_pumpkin": "2024-06-11 03:51:40 +0000"
    },
    "done": true
  },
  "minecraft:recipes/redstone/birch_pressure_plate": {
    "criteria": {
      "has_planks": "2024-06-11 03:51:34 +0000"
    },
    "done": true
  },
  "minecraft:recipes/decorations/campfire": {
    "criteria": {
      "has_stick": "2024-06-08 04:09:09 +0000"
    },
    "done": true
  },
  "minecraft:recipes/decorations/crafting_table": {
    "criteria": {
      "has_planks": "2024-06-11 03:14:39 +0000"
    },
    "done": true
  },
  "minecraft:recipes/misc/melon_seeds": {
    "criteria": {
      "has_melon": "2024-06-11 03:17:31 +0000"
    },
    "done": true
  },
  "biomesoplenty:recipes/transportation/mahogany_boat": {
    "criteria": {
      "in_water": "2024-06-11 03:21:55 +0000"
    },
    "done": true
  },
  "minecraft:recipes/decorations/ladder": {
    "criteria": {
      "has_stick": "2024-06-08 04:09:09 +0000"
    },
    "done": true
  },
  "minecraft:recipes/misc/iron_nugget": {
    "criteria": {
      "has_iron_ingot": "2024-06-11 03:14:41 +0000"
    },
    "done": true
  },
  "minecraft:recipes/decorations/chest": {
    "criteria": {
      "has_lots_of_items": "2024-06-11 03:17:55 +0000"
    },
    "done": true
  },
  "minecraft:recipes/building_blocks/brown_concrete_powder": {
    "criteria": {
      "has_sand": "2024-06-11 03:51:34 +0000"
    },
    "done": true
  },
  "mcwdoors:recipes/birch/birch_classic_door": {
    "criteria": {
      "has_planks": "2024-06-11 03:51:34 +0000"
    },
    "done": true
  },
  "minecraft:recipes/tools/wooden_shovel": {
    "criteria": {
      "has_stick": "2024-06-08 04:09:09 +0000"
    },
    "done": true
  },
  "minecraft:recipes/decorations/torch": {
    "criteria": {
      "has_stone_pickaxe": "2024-06-11 03:37:26 +0000"
    },
    "done": true
  },
  "mcwdoors:recipes/birch/birch_barn_door": {
    "criteria": {
      "has_planks": "2024-06-11 03:51:34 +0000"
    },
    "done": true
  },
  "mcwbridges:recipes/most1": {
    "criteria": {
      "has_planks": "2024-06-11 03:14:41 +0000"
    },
    "done": true
  },
  "mcwbridges:recipes/most2": {
    "criteria": {
      "has_planks": "2024-06-11 03:14:41 +0000"
    },
    "done": true
  },
  "minecraft:recipes/tools/shears": {
    "criteria": {
      "has_iron_ingot": "2024-06-11 03:14:41 +0000"
    },
    "done": true
  },
  "biomesoplenty:recipes/transportation/dead_boat": {
    "criteria": {
      "in_water": "2024-06-11 03:21:55 +0000"
    },
    "done": true
  },
  "minecraft:recipes/misc/stick": {
    "criteria": {
      "has_planks": "2024-06-11 03:14:39 +0000"
    },
    "done": true
  },
  "minecraft:recipes/misc/iron_ingot_from_blasting": {
    "criteria": {
      "has_iron_ore": "2024-06-11 03:39:29 +0000"
    },
    "done": true
  },
  "minecraft:recipes/transportation/spruce_boat": {
    "criteria": {
      "in_water": "2024-06-11 03:21:55 +0000"
    },
    "done": true
  },
  "mcwdoors:recipes/oak/oak_glass_door": {
    "criteria": {
      "has_planks": "2024-06-11 03:14:39 +0000"
    },
    "done": true
  },
  "mcwdoors:recipes/oak/oak_stable_head_door": {
    "criteria": {
      "has_planks": "2024-06-11 03:14:39 +0000"
    },
    "done": true
  },
  "mcwdoors:recipes/birch/birch_stable_head_door": {
    "criteria": {
      "has_planks": "2024-06-11 03:51:34 +0000"
    },
    "done": true
  },
  "minecraft:recipes/building_blocks/polished_granite_from_granite_stonecutting": {
    "criteria": {
      "has_granite": "2024-06-11 03:51:34 +0000"
    },
    "done": true
  },
  "mcwbridges:recipes/iron_platform": {
    "criteria": {
      "has_planks": "2024-06-11 03:14:41 +0000"
    },
    "done": true
  },
  "minecraft:recipes/misc/sugar_from_sugar_cane": {
    "criteria": {
      "has_reeds": "2024-06-11 03:51:35 +0000"
    },
    "done": true
  },
  "mcwdoors:recipes/oak/oak_mystic_door": {
    "criteria": {
      "has_planks": "2024-06-11 03:14:39 +0000"
    },
    "done": true
  },
  "minecraft:recipes/combat/iron_leggings": {
    "criteria": {
      "has_iron_ingot": "2024-06-11 03:14:41 +0000"
    },
    "done": true
  },
  "minecraft:husbandry/balanced_diet": {
    "criteria": {
      "cooked_porkchop": "2024-06-11 03:37:03 +0000",
      "rotten_flesh": "2024-06-11 03:47:02 +0000",
      "melon_slice": "2024-06-11 03:19:02 +0000"
    },
    "done": false
  },
  "blue_skies:recipes/blue_skies_dungeon/glowing_nature_stone": {
    "criteria": {
      "has_item": "2024-06-11 03:33:50 +0000"
    },
    "done": true
  },
  "minecraft:recipes/tools/wooden_hoe": {
    "criteria": {
      "has_stick": "2024-06-08 04:09:09 +0000"
    },
    "done": true
  },
  "minecraft:recipes/combat/shield": {
    "criteria": {
      "has_iron_ingot": "2024-06-11 03:14:41 +0000"
    },
    "done": true
  },
  "minecraft:recipes/building_blocks/cobblestone_slab": {
    "criteria": {
      "has_cobblestone": "2024-06-11 03:35:06 +0000"
    },
    "done": true
  },
  "minecraft:recipes/misc/bucket": {
    "criteria": {
      "has_iron_ingot": "2024-06-11 03:14:41 +0000"
    },
    "done": true
  },
  "minecraft:recipes/building_blocks/cobblestone_stairs": {
    "criteria": {
      "has_cobblestone": "2024-06-11 03:35:06 +0000"
    },
    "done": true
  },
  "minecraft:recipes/redstone/hopper": {
    "criteria": {
      "has_iron_ingot": "2024-06-11 03:14:41 +0000"
    },
    "done": true
  },
  "biomesoplenty:recipes/transportation/magic_boat": {
    "criteria": {
      "in_water": "2024-06-11 03:21:55 +0000"
    },
    "done": true
  },
  "minecraft:recipes/building_blocks/birch_slab": {
    "criteria": {
      "has_planks": "2024-06-11 03:51:34 +0000"
    },
    "done": true
  },
  "minecraft:recipes/decorations/granite_wall": {
    "criteria": {
      "has_granite": "2024-06-11 03:51:34 +0000"
    },
    "done": true
  },
  "biomesoplenty:recipes/building_blocks/mahogany_wood": {
    "criteria": {
      "has_log": "2024-06-11 03:19:10 +0000"
    },
    "done": true
  },
  "minecraft:recipes/building_blocks/light_gray_concrete_powder": {
    "criteria": {
      "has_sand": "2024-06-11 03:51:34 +0000"
    },
    "done": true
  },
  "minecraft:recipes/building_blocks/light_blue_concrete_powder": {
    "criteria": {
      "has_sand": "2024-06-11 03:51:34 +0000"
    },
    "done": true
  },
  "biomesoplenty:recipes/transportation/cherry_boat": {
    "criteria": {
      "in_water": "2024-06-11 03:21:55 +0000"
    },
    "done": true
  },
  "mcwdoors:recipes/birch/birch_japanese_door": {
    "criteria": {
      "has_planks": "2024-06-11 03:51:34 +0000"
    },
    "done": true
  },
  "biomesoplenty:recipes/transportation/fir_boat": {
    "criteria": {
      "in_water": "2024-06-11 03:21:55 +0000"
    },
    "done": true
  },
  "minecraft:recipes/building_blocks/glass": {
    "criteria": {
      "has_sand": "2024-06-11 03:51:34 +0000"
    },
    "done": true
  },
  "minecraft:recipes/combat/iron_helmet": {
    "criteria": {
      "has_iron_ingot": "2024-06-11 03:14:41 +0000"
    },
    "done": true
  },
  "mcwdoors:recipes/birch/birch_four_panel_door": {
    "criteria": {
      "has_planks": "2024-06-11 03:51:34 +0000"
    },
    "done": true
  },
  "minecraft:recipes/building_blocks/pink_concrete_powder": {
    "criteria": {
      "has_sand": "2024-06-11 03:51:34 +0000"
    },
    "done": true
  },
  "sophisticatedbackpacks:recipes/sophisticatedbackpacks/blasting_upgrade": {
    "criteria": {
      "has_upgrade_base": "2024-06-08 02:32:17 +0000"
    },
    "done": true
  },
  "minecraft:recipes/redstone/oak_fence_gate": {
    "criteria": {
      "has_planks": "2024-06-11 03:14:39 +0000"
    },
    "done": true
  },
  "minecraft:recipes/redstone/tnt": {
    "criteria": {
      "has_gunpowder": "2024-06-11 03:46:26 +0000"
    },
    "done": true
  },
  "storagedrawers:recipes/storagedrawers/birch_trim": {
    "criteria": {
      "has_planks": "2024-06-11 03:51:34 +0000"
    },
    "done": true
  },
  "sophisticatedbackpacks:recipes/sophisticatedbackpacks/auto_smoking_upgrade": {
    "criteria": {
      "has_smoking_upgrade": "2024-06-08 02:32:17 +0000"
    },
    "done": true
  },
  "mcwdoors:recipes/print_birch": {
    "criteria": {
      "has_planks": "2024-06-11 03:51:34 +0000"
    },
    "done": true
  },
  "minecraft:recipes/building_blocks/purple_concrete_powder": {
    "criteria": {
      "has_sand": "2024-06-11 03:51:34 +0000"
    },
    "done": true
  },
  "minecraft:recipes/decorations/iron_bars": {
    "criteria": {
      "has_iron_ingot": "2024-06-11 03:14:41 +0000"
    },
    "done": true
  },
  "minecraft:recipes/building_blocks/andesite_stairs_from_andesite_stonecutting": {
    "criteria": {
      "has_andesite": "2024-06-11 03:43:12 +0000"
    },
    "done": true
  },
  "minecraft:story/obtain_armor": {
    "criteria": {
      "iron_boots": "2024-06-11 03:17:55 +0000"
    },
    "done": true
  },
  "mcwdoors:recipes/birch/birch_mystic_door": {
    "criteria": {
      "has_planks": "2024-06-11 03:51:34 +0000"
    },
    "done": true
  },
  "biomesoplenty:biomesoplenty/all_biomes": {
    "criteria": {
      "woodland": "2024-06-11 03:31:28 +0000",
      "marsh": "2024-06-08 04:09:15 +0000",
      "rainforest_floodplain": "2024-06-11 03:18:08 +0000",
      "cherry_blossom_grove": "2024-06-11 03:41:19 +0000",
      "dense_marsh": "2024-06-08 02:32:45 +0000",
      "grassland": "2024-06-11 03:22:27 +0000",
      "rainforest": "2024-06-11 03:13:37 +0000"
    },
    "done": false
  },
  "minecraft:story/mine_stone": {
    "criteria": {
      "get_stone": "2024-06-11 03:35:06 +0000"
    },
    "done": true
  },
  "minecraft:recipes/transportation/minecart": {
    "criteria": {
      "has_iron_ingot": "2024-06-11 03:14:41 +0000"
    },
    "done": true
  },
  "minecraft:recipes/decorations/furnace": {
    "criteria": {
      "has_cobblestone": "2024-06-11 03:35:06 +0000"
    },
    "done": true
  },
  "minecraft:recipes/misc/charcoal": {
    "criteria": {
      "has_log": "2024-06-08 04:09:11 +0000"
    },
    "done": true
  },
  "minecraft:recipes/building_blocks/andesite_stairs": {
    "criteria": {
      "has_andesite": "2024-06-11 03:43:12 +0000"
    },
    "done": true
  },
  "minecraft:recipes/building_blocks/sandstone": {
    "criteria": {
      "has_sand": "2024-06-11 03:51:34 +0000"
    },
    "done": true
  },
  "minecraft:recipes/tools/wooden_pickaxe": {
    "criteria": {
      "has_stick": "2024-06-08 04:09:09 +0000"
    },
    "done": true
  },
  "minecraft:recipes/tools/iron_hoe": {
    "criteria": {
      "has_iron_ingot": "2024-06-11 03:14:41 +0000"
    },
    "done": true
  },
  "sophisticatedbackpacks:recipes/sophisticatedbackpacks/smoking_upgrade_from_smelting_upgrade": {
    "criteria": {
      "has_smelting_upgrade": "2024-06-08 02:32:17 +0000"
    },
    "done": true
  },
  "minecraft:recipes/building_blocks/cobblestone_slab_from_cobblestone_stonecutting": {
    "criteria": {
      "has_cobblestone": "2024-06-11 03:35:06 +0000"
    },
    "done": true
  },
  "minecraft:husbandry/root": {
    "criteria": {
      "consumed_item": "2024-06-11 03:19:02 +0000"
    },
    "done": true
  },
  "minecraft:recipes/transportation/birch_boat": {
    "criteria": {
      "in_water": "2024-06-11 03:21:55 +0000"
    },
    "done": true
  },
  "mcwdoors:recipes/birch/birch_japanese2_door": {
    "criteria": {
      "has_planks": "2024-06-11 03:51:34 +0000"
    },
    "done": true
  },
  "minecraft:recipes/building_blocks/oak_stairs": {
    "criteria": {
      "has_planks": "2024-06-11 03:14:39 +0000"
    },
    "done": true
  },
  "blue_skies:recipes/blue_skies_dungeon/glowing_poison_stone": {
    "criteria": {
      "has_item": "2024-06-11 03:33:50 +0000"
    },
    "done": true
  },
  "minecraft:recipes/building_blocks/polished_andesite_slab_from_andesite_stonecutting": {
    "criteria": {
      "has_andesite": "2024-06-11 03:43:12 +0000"
    },
    "done": true
  },
  "minecraft:recipes/building_blocks/polished_granite_slab_from_granite_stonecutting": {
    "criteria": {
      "has_granite": "2024-06-11 03:51:34 +0000"
    },
    "done": true
  },
  "minecraft:recipes/building_blocks/green_concrete_powder": {
    "criteria": {
      "has_sand": "2024-06-11 03:51:34 +0000"
    },
    "done": true
  },
  "minecraft:recipes/building_blocks/polished_andesite_from_andesite_stonecutting": {
    "criteria": {
      "has_andesite": "2024-06-11 03:43:12 +0000"
    },
    "done": true
  },
  "minecraft:recipes/tools/iron_shovel": {
    "criteria": {
      "has_iron_ingot": "2024-06-11 03:14:41 +0000"
    },
    "done": true
  },
  "minecraft:recipes/transportation/acacia_boat": {
    "criteria": {
      "in_water": "2024-06-11 03:21:55 +0000"
    },
    "done": true
  },
  "minecraft:recipes/redstone/iron_trapdoor": {
    "criteria": {
      "has_iron_ingot": "2024-06-11 03:14:41 +0000"
    },
    "done": true
  },
  "minecraft:recipes/decorations/birch_sign": {
    "criteria": {
      "has_birch_planks": "2024-06-11 03:51:34 +0000"
    },
    "done": true
  },
  "sophisticatedbackpacks:recipes/sophisticatedbackpacks/auto_blasting_upgrade_from_auto_smelting_upgrade": {
    "criteria": {
      "has_auto_smelting_upgrade": "2024-06-08 02:32:17 +0000"
    },
    "done": true
  },
  "minecraft:adventure/root": {
    "criteria": {
      "killed_by_something": "2024-06-08 04:08:57 +0000"
    },
    "done": true
  },
  "mcwdoors:recipes/birch/birch_glass_door": {
    "criteria": {
      "has_planks": "2024-06-11 03:51:34 +0000"
    },
    "done": true
  },
  "mcwdoors:recipes/birch/birch_beach_door": {
    "criteria": {
      "has_planks": "2024-06-11 03:51:34 +0000"
    },
    "done": true
  },
  "minecraft:recipes/building_blocks/white_concrete_powder": {
    "criteria": {
      "has_sand": "2024-06-11 03:51:34 +0000"
    },
    "done": true
  },
  "minecraft:recipes/tools/stone_hoe": {
    "criteria": {
      "has_cobblestone": "2024-06-11 03:35:06 +0000"
    },
    "done": true
  },
  "mcwdoors:recipes/oak/oak_barn_glass_door": {
    "criteria": {
      "has_planks": "2024-06-11 03:14:39 +0000"
    },
    "done": true
  },
  "minecraft:recipes/combat/spectral_arrow": {
    "criteria": {
      "has_glowstone_dust": "2024-06-11 03:33:50 +0000"
    },
    "done": true
  },
  "mcwdoors:recipes/birch/birch_stable_door": {
    "criteria": {
      "has_planks": "2024-06-11 03:51:34 +0000"
    },
    "done": true
  },
  "minecraft:adventure/kill_all_mobs": {
    "criteria": {
      "minecraft:skeleton": "2024-06-11 03:45:48 +0000",
      "minecraft:creeper": "2024-06-11 03:46:25 +0000",
      "minecraft:zombie": "2024-06-11 03:46:46 +0000"
    },
    "done": false
  },
  "mcwbridges:recipes/rope_birch_bridge_end": {
    "criteria": {
      "has_planks": "2024-06-11 03:51:34 +0000"
    },
    "done": true
  },
  "mcwdoors:recipes/garage_gray_door": {
    "criteria": {
      "has_planks": "2024-06-11 03:14:41 +0000"
    },
    "done": true
  },
  "minecraft:recipes/building_blocks/birch_wood": {
    "criteria": {
      "has_log": "2024-06-11 03:51:48 +0000"
    },
    "done": true
  },
  "minecraft:recipes/building_blocks/granite_slab": {
    "criteria": {
      "has_granite": "2024-06-11 03:51:34 +0000"
    },
    "done": true
  },
  "minecraft:recipes/brewing/glistering_melon_slice": {
    "criteria": {
      "has_melon": "2024-06-11 03:17:31 +0000"
    },
    "done": true
  },
  "mcwdoors:recipes/metal_door": {
    "criteria": {
      "has_planks": "2024-06-11 03:14:41 +0000"
    },
    "done": true
  },
  "minecraft:recipes/misc/iron_nugget_from_smelting": {
    "criteria": {
      "has_iron_boots": "2024-06-11 03:17:55 +0000"
    },
    "done": true
  },
  "mcwdoors:recipes/oak/oak_cottage_door": {
    "criteria": {
      "has_planks": "2024-06-11 03:14:39 +0000"
    },
    "done": true
  },
  "minecraft:recipes/redstone/birch_door": {
    "criteria": {
      "has_planks": "2024-06-11 03:51:34 +0000"
    },
    "done": true
  },
  "minecraft:recipes/decorations/granite_wall_from_granite_stonecutting": {
    "criteria": {
      "has_granite": "2024-06-11 03:51:34 +0000"
    },
    "done": true
  },
  "mcwdoors:recipes/print_oak": {
    "criteria": {
      "has_planks": "2024-06-11 03:14:39 +0000"
    },
    "done": true
  },
  "mcwdoors:recipes/jail_door": {
    "criteria": {
      "has_planks": "2024-06-11 03:14:41 +0000"
    },
    "done": true
  },
  "minecraft:recipes/decorations/chain": {
    "criteria": {
      "has_iron_ingot": "2024-06-11 03:14:41 +0000"
    },
    "done": true
  },
  "minecraft:story/upgrade_tools": {
    "criteria": {
      "stone_pickaxe": "2024-06-11 03:37:26 +0000"
    },
    "done": true
  },
  "minecraft:recipes/building_blocks/polished_granite_stairs_from_granite_stonecutting": {
    "criteria": {
      "has_granite": "2024-06-11 03:51:34 +0000"
    },
    "done": true
  },
  "mcwbridges:recipes/iron_rod": {
    "criteria": {
      "has_planks": "2024-06-11 03:14:41 +0000"
    },
    "done": true
  },
  "mcwbridges:recipes/birch_rail_bridge_powered": {
    "criteria": {
      "has_planks": "2024-06-11 03:51:34 +0000"
    },
    "done": true
  },
  "minecraft:recipes/decorations/oak_fence": {
    "criteria": {
      "has_planks": "2024-06-11 03:14:39 +0000"
    },
    "done": true
  },
  "minecraft:recipes/transportation/oak_boat": {
    "criteria": {
      "in_water": "2024-06-11 03:21:55 +0000"
    },
    "done": true
  },
  "mcwdoors:recipes/garage_white_door": {
    "criteria": {
      "has_planks": "2024-06-11 03:14:41 +0000"
    },
    "done": true
  },
  "minecraft:recipes/decorations/birch_fence": {
    "criteria": {
      "has_planks": "2024-06-11 03:51:34 +0000"
    },
    "done": true
  },
  "minecraft:recipes/building_blocks/orange_concrete_powder": {
    "criteria": {
      "has_sand": "2024-06-11 03:51:34 +0000"
    },
    "done": true
  },
  "minecraft:recipes/building_blocks/oak_slab": {
    "criteria": {
      "has_planks": "2024-06-11 03:14:39 +0000"
    },
    "done": true
  },
  "minecraft:recipes/building_blocks/cyan_concrete_powder": {
    "criteria": {
      "has_sand": "2024-06-11 03:51:34 +0000"
    },
    "done": true
  },
  "minecraft:recipes/tools/wooden_axe": {
    "criteria": {
      "has_stick": "2024-06-08 04:09:09 +0000"
    },
    "done": true
  },
  "minecraft:recipes/building_blocks/granite_stairs": {
    "criteria": {
      "has_granite": "2024-06-11 03:51:34 +0000"
    },
    "done": true
  },
  "mcwdoors:recipes/birch/birch_bark_glass_door": {
    "criteria": {
      "has_planks": "2024-06-11 03:51:48 +0000"
    },
    "done": true
  },
  "minecraft:recipes/misc/paper": {
    "criteria": {
      "has_reeds": "2024-06-11 03:51:35 +0000"
    },
    "done": true
  },
  "biomesoplenty:recipes/transportation/umbran_boat": {
    "criteria": {
      "in_water": "2024-06-11 03:21:55 +0000"
    },
    "done": true
  },
  "biomesoplenty:recipes/transportation/palm_boat": {
    "criteria": {
      "in_water": "2024-06-11 03:21:55 +0000"
    },
    "done": true
  },
  "mcwbridges:recipes/rope_birch_bridge": {
    "criteria": {
      "has_planks": "2024-06-11 03:51:34 +0000"
    },
    "done": true
  },
  "mcwbridges:recipes/oak_log_bridge_middle": {
    "criteria": {
      "has_planks": "2024-06-11 03:14:39 +0000"
    },
    "done": true
  },
  "biomesoplenty:recipes/transportation/redwood_boat": {
    "criteria": {
      "in_water": "2024-06-11 03:21:55 +0000"
    },
    "done": true
  },
  "mcwbridges:recipes/oak_rail_bridge_powered": {
    "criteria": {
      "has_planks": "2024-06-11 03:14:39 +0000"
    },
    "done": true
  },
  "minecraft:recipes/building_blocks/iron_block": {
    "criteria": {
      "has_iron_ingot": "2024-06-11 03:14:41 +0000"
    },
    "done": true
  },
  "minecraft:recipes/redstone/birch_button": {
    "criteria": {
      "has_planks": "2024-06-11 03:51:34 +0000"
    },
    "done": true
  },
  "minecraft:recipes/misc/red_dye_from_poppy": {
    "criteria": {
      "has_red_flower": "2024-06-11 03:34:13 +0000"
    },
    "done": true
  },
  "mcwdoors:recipes/oak/oak_japanese_door": {
    "criteria": {
      "has_planks": "2024-06-11 03:14:39 +0000"
    },
    "done": true
  },
  "mcwdoors:recipes/garage_silver_door": {
    "criteria": {
      "has_planks": "2024-06-11 03:14:41 +0000"
    },
    "done": true
  },
  "evilcraft:first_age": {
    "criteria": {
      "criteria_0": "2024-06-11 03:51:35 +0000"
    },
    "done": true
  },
  "minecraft:recipes/building_blocks/andesite_slab_from_andesite_stonecutting": {
    "criteria": {
      "has_andesite": "2024-06-11 03:43:12 +0000"
    },
    "done": true
  },
  "minecraft:recipes/building_blocks/coal_block": {
    "criteria": {
      "has_coal": "2024-06-11 03:40:10 +0000"
    },
    "done": true
  },
  "mcwdoors:recipes/oak/oak_stable_door": {
    "criteria": {
      "has_planks": "2024-06-11 03:14:39 +0000"
    },
    "done": true
  },
  "dungeons_arise:find_illager_corsair_or_illager_galley": {
    "criteria": {
      "location0": "2024-06-11 03:18:21 +0000"
    },
    "done": true
  },
  "mcwdoors:recipes/oak/oak_beach_door": {
    "criteria": {
      "has_planks": "2024-06-11 03:14:39 +0000"
    },
    "done": true
  },
  "mcwbridges:recipes/oak_log_bridge_end": {
    "criteria": {
      "has_planks": "2024-06-11 03:14:39 +0000"
    },
    "done": true
  },
  "minecraft:recipes/combat/wooden_sword": {
    "criteria": {
      "has_stick": "2024-06-08 04:09:09 +0000"
    },
    "done": true
  },
  "minecraft:recipes/tools/stone_shovel": {
    "criteria": {
      "has_cobblestone": "2024-06-11 03:35:06 +0000"
    },
    "done": true
  },
  "minecraft:recipes/building_blocks/oak_planks": {
    "criteria": {
      "has_logs": "2024-06-08 04:09:11 +0000"
    },
    "done": true
  },
  "minecraft:recipes/building_blocks/blue_concrete_powder": {
    "criteria": {
      "has_sand": "2024-06-11 03:51:34 +0000"
    },
    "done": true
  },
  "blue_skies:recipes/blue_skies_dungeon/glowing_life_stone": {
    "criteria": {
      "has_item": "2024-06-11 03:33:50 +0000"
    },
    "done": true
  },
  "minecraft:recipes/building_blocks/gray_concrete_powder": {
    "criteria": {
      "has_sand": "2024-06-11 03:51:34 +0000"
    },
    "done": true
  },
  "minecraft:recipes/building_blocks/granite_slab_from_granite_stonecutting": {
    "criteria": {
      "has_granite": "2024-06-11 03:51:34 +0000"
    },
    "done": true
  },
  "mcwdoors:recipes/birch/birch_nether_door": {
    "criteria": {
      "has_planks": "2024-06-11 03:51:34 +0000"
    },
    "done": true
  },
  "minecraft:recipes/tools/iron_axe": {
    "criteria": {
      "has_iron_ingot": "2024-06-11 03:14:41 +0000"
    },
    "done": true
  },
  "minecraft:recipes/building_blocks/glowstone": {
    "criteria": {
      "has_glowstone_dust": "2024-06-11 03:33:50 +0000"
    },
    "done": true
  },
  "mcwdoors:recipes/oak/oak_bark_glass_door": {
    "criteria": {
      "has_planks": "2024-06-08 04:09:11 +0000"
    },
    "done": true
  },
  "minecraft:recipes/building_blocks/sea_lantern": {
    "criteria": {
      "has_prismarine_crystals": "2024-06-11 03:23:01 +0000"
    },
    "done": true
  },
  "sophisticatedbackpacks:recipes/sophisticatedbackpacks/blasting_upgrade_from_smelting_upgrade": {
    "criteria": {
      "has_smelting_upgrade": "2024-06-08 02:32:17 +0000"
    },
    "done": true
  },
  "mcwbridges:recipes/rope_oak_bridge_end": {
    "criteria": {
      "has_planks": "2024-06-11 03:14:39 +0000"
    },
    "done": true
  },
  "blue_skies:recipes/blue_skies_dungeon/glowing_blinding_stone": {
    "criteria": {
      "has_item": "2024-06-11 03:33:50 +0000"
    },
    "done": true
  },
  "minecraft:recipes/redstone/oak_pressure_plate": {
    "criteria": {
      "has_planks": "2024-06-11 03:14:39 +0000"
    },
    "done": true
  },
  "minecraft:recipes/combat/iron_boots": {
    "criteria": {
      "has_iron_ingot": "2024-06-11 03:14:41 +0000"
    },
    "done": true
  },
  "mcwbridges:recipes/birch_log_bridge_middle": {
    "criteria": {
      "has_planks": "2024-06-11 03:51:34 +0000"
    },
    "done": true
  },
  "minecraft:recipes/building_blocks/birch_planks": {
    "criteria": {
      "has_logs": "2024-06-11 03:51:48 +0000"
    },
    "done": true
  },
  "biomesoplenty:biomesoplenty/root": {
    "criteria": {
      "dense_marsh": "2024-06-08 02:32:45 +0000"
    },
    "done": true
  },
  "minecraft:recipes/building_blocks/black_concrete_powder": {
    "criteria": {
      "has_sand": "2024-06-11 03:51:34 +0000"
    },
    "done": true
  },
  "mcwdoors:recipes/metal_warning_door": {
    "criteria": {
      "has_planks": "2024-06-11 03:14:41 +0000"
    },
    "done": true
  },
  "mcwbridges:recipes/rope_oak_bridge": {
    "criteria": {
      "has_planks": "2024-06-11 03:14:39 +0000"
    },
    "done": true
  },
  "minecraft:recipes/building_blocks/oak_wood": {
    "criteria": {
      "has_log": "2024-06-08 04:09:11 +0000"
    },
    "done": true
  },
  "minecraft:recipes/redstone/birch_fence_gate": {
    "criteria": {
      "has_planks": "2024-06-11 03:51:34 +0000"
    },
    "done": true
  },
  "minecraft:story/root": {
    "criteria": {
      "crafting_table": "2024-06-11 03:26:21 +0000"
    },
    "done": true
  },
  "mcwdoors:recipes/metal_hospital_door": {
    "criteria": {
      "has_planks": "2024-06-11 03:14:41 +0000"
    },
    "done": true
  },
  "minecraft:recipes/combat/crossbow": {
    "criteria": {
      "has_stick": "2024-06-08 04:09:09 +0000"
    },
    "done": true
  },
  "minecraft:recipes/combat/iron_chestplate": {
    "criteria": {
      "has_iron_ingot": "2024-06-11 03:14:41 +0000"
    },
    "done": true
  },
  "sophisticatedbackpacks:recipes/sophisticatedbackpacks/smoking_upgrade": {
    "criteria": {
      "has_upgrade_base": "2024-06-08 02:32:17 +0000"
    },
    "done": true
  },
  "minecraft:recipes/decorations/oak_sign": {
    "criteria": {
      "has_oak_planks": "2024-06-11 03:14:39 +0000"
    },
    "done": true
  },
  "minecraft:recipes/redstone/oak_trapdoor": {
    "criteria": {
      "has_planks": "2024-06-11 03:14:39 +0000"
    },
    "done": true
  },
  "minecraft:recipes/building_blocks/granite_stairs_from_granite_stonecutting": {
    "criteria": {
      "has_granite": "2024-06-11 03:51:34 +0000"
    },
    "done": true
  },
  "mcwbridges:recipes/birch_rail_bridge": {
    "criteria": {
      "has_planks": "2024-06-11 03:51:34 +0000"
    },
    "done": true
  },
  "mcwdoors:recipes/birch/birch_cottage_door": {
    "criteria": {
      "has_planks": "2024-06-11 03:51:34 +0000"
    },
    "done": true
  },
  "minecraft:recipes/building_blocks/red_concrete_powder": {
    "criteria": {
      "has_sand": "2024-06-11 03:51:34 +0000"
    },
    "done": true
  },
  "minecraft:recipes/misc/iron_nugget_from_blasting": {
    "criteria": {
      "has_iron_boots": "2024-06-11 03:17:55 +0000"
    },
    "done": true
  },
  "minecraft:adventure/kill_a_mob": {
    "criteria": {
      "minecraft:skeleton": "2024-06-11 03:45:48 +0000"
    },
    "done": true
  },
  "minecraft:recipes/redstone/oak_button": {
    "criteria": {
      "has_planks": "2024-06-11 03:14:39 +0000"
    },
    "done": true
  },
  "minecraft:recipes/misc/iron_ingot": {
    "criteria": {
      "has_iron_ore": "2024-06-11 03:39:29 +0000"
    },
    "done": true
  },
  "mcwdoors:recipes/birch/birch_western_door": {
    "criteria": {
      "has_planks": "2024-06-11 03:51:34 +0000"
    },
    "done": true
  },
  "minecraft:recipes/building_blocks/stone": {
    "criteria": {
      "has_cobblestone": "2024-06-11 03:35:06 +0000"
    },
    "done": true
  },
  "minecraft:recipes/building_blocks/polished_andesite": {
    "criteria": {
      "has_stone": "2024-06-11 03:43:12 +0000"
    },
    "done": true
  },
  "biomesoplenty:recipes/transportation/hellbark_boat": {
    "criteria": {
      "in_water": "2024-06-11 03:21:55 +0000"
    },
    "done": true
  },
  "minecraft:adventure/adventuring_time": {
    "criteria": {
      "minecraft:forest": "2024-06-08 02:32:16 +0000",
      "minecraft:warm_ocean": "2024-06-11 03:18:43 +0000",
      "minecraft:river": "2024-06-11 03:17:22 +0000"
    },
    "done": false
  },
  "minecraft:recipes/redstone/iron_door": {
    "criteria": {
      "has_iron_ingot": "2024-06-11 03:14:41 +0000"
    },
    "done": true
  },
  "mcwdoors:recipes/oak/oak_nether_door": {
    "criteria": {
      "has_planks": "2024-06-11 03:14:39 +0000"
    },
    "done": true
  },
  "mcwbridges:recipes/oak_rail_bridge": {
    "criteria": {
      "has_planks": "2024-06-11 03:14:39 +0000"
    },
    "done": true
  },
  "mcwbridges:recipes/iron_armrest": {
    "criteria": {
      "has_planks": "2024-06-11 03:14:41 +0000"
    },
    "done": true
  },
  "mcwdoors:recipes/garage_remote": {
    "criteria": {
      "has_planks": "2024-06-11 03:14:41 +0000"
    },
    "done": true
  },
  "storagedrawers:recipes/storagedrawers/oak_trim": {
    "criteria": {
      "has_planks": "2024-06-11 03:14:39 +0000"
    },
    "done": true
  },
  "biomesoplenty:recipes/building_blocks/mahogany_planks": {
    "criteria": {
      "has_logs": "2024-06-11 03:19:10 +0000"
    },
    "done": true
  },
  "minecraft:recipes/combat/stone_sword": {
    "criteria": {
      "has_cobblestone": "2024-06-11 03:35:06 +0000"
    },
    "done": true
  },
  "minecraft:recipes/decorations/barrel": {
    "criteria": {
      "has_planks": "2024-06-11 03:14:39 +0000"
    },
    "done": true
  },
  "minecraft:recipes/decorations/cobblestone_wall": {
    "criteria": {
      "has_cobblestone": "2024-06-11 03:35:06 +0000"
    },
    "done": true
  },
  "minecraft:recipes/tools/stone_pickaxe": {
    "criteria": {
      "has_cobblestone": "2024-06-11 03:35:06 +0000"
    },
    "done": true
  },
  "minecraft:recipes/decorations/smithing_table": {
    "criteria": {
      "has_iron_ingot": "2024-06-11 03:14:41 +0000"
    },
    "done": true
  },
  "mcwdoors:recipes/oak/oak_modern_door": {
    "criteria": {
      "has_planks": "2024-06-11 03:14:39 +0000"
    },
    "done": true
  },
  "mcwdoors:recipes/oak/oak_paper_door": {
    "criteria": {
      "has_planks": "2024-06-11 03:14:39 +0000"
    },
    "done": true
  },
  "minecraft:recipes/redstone/oak_door": {
    "criteria": {
      "has_planks": "2024-06-11 03:14:39 +0000"
    },
    "done": true
  },
  "mcwbridges:recipes/birch_log_bridge_end": {
    "criteria": {
      "has_planks": "2024-06-11 03:51:34 +0000"
    },
    "done": true
  },
  "minecraft:recipes/transportation/jungle_boat": {
    "criteria": {
      "in_water": "2024-06-11 03:21:55 +0000"
    },
    "done": true
  },
  "blue_skies:recipes/blue_skies_dungeon/glowing_aquatic_stone": {
    "criteria": {
      "has_item": "2024-06-11 03:33:50 +0000"
    },
    "done": true
  },
  "minecraft:recipes/decorations/cobblestone_wall_from_cobblestone_stonecutting": {
    "criteria": {
      "has_cobblestone": "2024-06-11 03:35:06 +0000"
    },
    "done": true
  },
  "appliedenergistics2:main/root": {
    "criteria": {
      "certus": "2024-06-11 03:42:33 +0000"
    },
    "done": true
  },
  "minecraft:recipes/building_blocks/birch_stairs": {
    "criteria": {
      "has_planks": "2024-06-11 03:51:34 +0000"
    },
    "done": true
  },
  "mcwdoors:recipes/oak/oak_barn_door": {
    "criteria": {
      "has_planks": "2024-06-11 03:14:39 +0000"
    },
    "done": true
  },
  "minecraft:recipes/redstone/heavy_weighted_pressure_plate": {
    "criteria": {
      "has_iron_ingot": "2024-06-11 03:14:41 +0000"
    },
    "done": true
  },
  "minecraft:recipes/transportation/dark_oak_boat": {
    "criteria": {
      "in_water": "2024-06-11 03:21:55 +0000"
    },
    "done": true
  },
  "minecraft:recipes/food/pumpkin_pie": {
    "criteria": {
      "has_pumpkin": "2024-06-11 03:51:40 +0000"
    },
    "done": true
  },
  "mcwdoors:recipes/garage_black_door": {
    "criteria": {
      "has_planks": "2024-06-11 03:14:41 +0000"
    },
    "done": true
  },
  "minecraft:recipes/decorations/andesite_wall_from_andesite_stonecutting": {
    "criteria": {
      "has_andesite": "2024-06-11 03:43:12 +0000"
    },
    "done": true
  },
  "sophisticatedbackpacks:recipes/sophisticatedbackpacks/auto_smoking_upgrade_from_auto_smelting_upgrade": {
    "criteria": {
      "has_auto_smelting_upgrade": "2024-06-08 02:32:17 +0000"
    },
    "done": true
  },
  "evilcraft:root": {
    "criteria": {
      "criteria_0": "2024-06-11 03:51:35 +0000"
    },
    "done": true
  },
  "dungeons_arise:wda_root": {
    "criteria": {
      "WDA": "2024-06-08 02:32:17 +0000"
    },
    "done": true
  },
  "mcwdoors:recipes/metal_windowed_door": {
    "criteria": {
      "has_planks": "2024-06-11 03:14:41 +0000"
    },
    "done": true
  },
  "minecraft:recipes/building_blocks/polished_granite": {
    "criteria": {
      "has_stone": "2024-06-11 03:51:34 +0000"
    },
    "done": true
  },
  "mcwdoors:recipes/oak/oak_western_door": {
    "criteria": {
      "has_planks": "2024-06-11 03:14:39 +0000"
    },
    "done": true
  },
  "minecraft:recipes/redstone/birch_trapdoor": {
    "criteria": {
      "has_planks": "2024-06-11 03:51:34 +0000"
    },
    "done": true
  },
  "mcwdoors:recipes/metal_reinforced_door": {
    "criteria": {
      "has_planks": "2024-06-11 03:14:41 +0000"
    },
    "done": true
  },
  "sophisticatedbackpacks:recipes/sophisticatedbackpacks/auto_blasting_upgrade": {
    "criteria": {
      "has_blasting_upgrade": "2024-06-08 02:32:17 +0000"
    },
    "done": true
  },
  "minecraft:recipes/decorations/lantern": {
    "criteria": {
      "has_iron_ingot": "2024-06-11 03:14:41 +0000"
    },
    "done": true
  },
  "mcwdoors:recipes/birch/birch_tropical_door": {
    "criteria": {
      "has_planks": "2024-06-11 03:51:34 +0000"
    },
    "done": true
  },
  "biomesoplenty:recipes/transportation/jacaranda_boat": {
    "criteria": {
      "in_water": "2024-06-11 03:21:55 +0000"
    },
    "done": true
  },
  "mcwdoors:recipes/oak/oak_tropical_door": {
    "criteria": {
      "has_planks": "2024-06-11 03:14:39 +0000"
    },
    "done": true
  },
  "mcwdoors:recipes/oak/oak_japanese2_door": {
    "criteria": {
      "has_planks": "2024-06-11 03:14:39 +0000"
    },
    "done": true
  },
  "minecraft:recipes/decorations/andesite_wall": {
    "criteria": {
      "has_andesite": "2024-06-11 03:43:12 +0000"
    },
    "done": true
  },
  "minecraft:recipes/building_blocks/andesite_slab": {
    "criteria": {
      "has_andesite": "2024-06-11 03:43:12 +0000"
    },
    "done": true
  },
  "mcwdoors:recipes/birch/birch_modern_door": {
    "criteria": {
      "has_planks": "2024-06-11 03:51:34 +0000"
    },
    "done": true
  },
  "minecraft:recipes/decorations/soul_campfire": {
    "criteria": {
      "has_stick": "2024-06-08 04:09:09 +0000"
    },
    "done": true
  },
  "minecraft:story/smelt_iron": {
    "criteria": {
      "iron": "2024-06-11 03:14:41 +0000"
    },
    "done": true
  },
  "minecraft:recipes/building_blocks/melon": {
    "criteria": {
      "has_melon": "2024-06-11 03:17:31 +0000"
    },
    "done": true
  },
  "minecraft:recipes/tools/stone_axe": {
    "criteria": {
      "has_cobblestone": "2024-06-11 03:35:06 +0000"
    },
    "done": true
  },
  "DataVersion": 2586
}