{
  "biomesoplenty:recipes/misc/yellow_dye_from_goldenrod": {
    "criteria": {
      "has_flower": "2024-06-11 03:25:18 +0000"
    },
    "done": true
  },
  "minecraft:recipes/food/cooked_porkchop_from_campfire_cooking": {
    "criteria": {
      "has_porkchop": "2024-06-11 03:45:35 +0000"
    },
    "done": true
  },
  "minecraft:recipes/tools/wooden_axe": {
    "criteria": {
      "has_stick": "2024-06-11 03:34:58 +0000"
    },
    "done": true
  },
  "minecraft:recipes/redstone/lever": {
    "criteria": {
      "has_cobblestone": "2024-06-11 03:47:00 +0000"
    },
    "done": true
  },
  "minecraft:recipes/building_blocks/cobblestone_stairs_from_cobblestone_stonecutting": {
    "criteria": {
      "has_cobblestone": "2024-06-11 03:47:00 +0000"
    },
    "done": true
  },
  "minecraft:recipes/combat/iron_sword": {
    "criteria": {
      "has_iron_ingot": "2024-06-11 03:39:50 +0000"
    },
    "done": true
  },
  "minecraft:recipes/misc/wheat": {
    "criteria": {
      "has_hay_block": "2024-06-11 03:40:12 +0000"
    },
    "done": true
  },
  "biomesoplenty:recipes/transportation/umbran_boat": {
    "criteria": {
      "in_water": "2024-06-11 03:24:18 +0000"
    },
    "done": true
  },
  "biomesoplenty:recipes/transportation/willow_boat": {
    "criteria": {
      "in_water": "2024-06-11 03:24:18 +0000"
    },
    "done": true
  },
  "astralsorcery:root": {
    "criteria": {
      "astralsorcery_present": "2024-06-11 03:23:54 +0000"
    },
    "done": true
  },
  "biomesoplenty:recipes/transportation/palm_boat": {
    "criteria": {
      "in_water": "2024-06-11 03:24:18 +0000"
    },
    "done": true
  },
  "sophisticatedbackpacks:recipes/sophisticatedbackpacks/iron_backpack": {
    "criteria": {
      "has_backpack": "2024-06-11 03:28:16 +0000"
    },
    "done": true
  },
  "minecraft:recipes/tools/iron_pickaxe": {
    "criteria": {
      "has_iron_ingot": "2024-06-11 03:39:50 +0000"
    },
    "done": true
  },
  "minecraft:recipes/combat/leather_helmet": {
    "criteria": {
      "has_leather": "2024-06-11 03:25:28 +0000"
    },
    "done": true
  },
  "minecraft:recipes/decorations/crafting_table": {
    "criteria": {
      "has_planks": "2024-06-11 03:34:01 +0000"
    },
    "done": true
  },
  "minecraft:recipes/decorations/campfire": {
    "criteria": {
      "has_stick": "2024-06-11 03:34:58 +0000"
    },
    "done": true
  },
  "biomesoplenty:recipes/transportation/redwood_boat": {
    "criteria": {
      "in_water": "2024-06-11 03:24:18 +0000"
    },
    "done": true
  },
  "biomesoplenty:recipes/transportation/mahogany_boat": {
    "criteria": {
      "in_water": "2024-06-11 03:24:18 +0000"
    },
    "done": true
  },
  "minecraft:recipes/decorations/ladder": {
    "criteria": {
      "has_stick": "2024-06-11 03:34:58 +0000"
    },
    "done": true
  },
  "minecraft:recipes/misc/iron_nugget": {
    "criteria": {
      "has_iron_ingot": "2024-06-11 03:39:50 +0000"
    },
    "done": true
  },
  "minecraft:recipes/decorations/chest": {
    "criteria": {
      "has_lots_of_items": "2024-06-11 03:39:50 +0000"
    },
    "done": true
  },
  "minecraft:recipes/building_blocks/iron_block": {
    "criteria": {
      "has_iron_ingot": "2024-06-11 03:39:50 +0000"
    },
    "done": true
  },
  "minecraft:recipes/decorations/black_bed_from_white_bed": {
    "criteria": {
      "has_bed": "2024-06-11 03:33:47 +0000"
    },
    "done": true
  },
  "minecraft:recipes/tools/wooden_shovel": {
    "criteria": {
      "has_stick": "2024-06-11 03:34:58 +0000"
    },
    "done": true
  },
  "minecraft:recipes/misc/red_dye_from_poppy": {
    "criteria": {
      "has_red_flower": "2024-06-11 03:39:50 +0000"
    },
    "done": true
  },
  "mcwbridges:recipes/most1": {
    "criteria": {
      "has_planks": "2024-06-11 03:39:50 +0000"
    },
    "done": true
  },
  "mcwdoors:recipes/garage_silver_door": {
    "criteria": {
      "has_planks": "2024-06-11 03:39:50 +0000"
    },
    "done": true
  },
  "mcwbridges:recipes/most2": {
    "criteria": {
      "has_planks": "2024-06-11 03:39:50 +0000"
    },
    "done": true
  },
  "minecraft:recipes/tools/shears": {
    "criteria": {
      "has_iron_ingot": "2024-06-11 03:39:50 +0000"
    },
    "done": true
  },
  "biomesoplenty:recipes/transportation/dead_boat": {
    "criteria": {
      "in_water": "2024-06-11 03:24:18 +0000"
    },
    "done": true
  },
  "minecraft:recipes/misc/stick": {
    "criteria": {
      "has_planks": "2024-06-11 03:34:01 +0000"
    },
    "done": true
  },
  "minecraft:recipes/transportation/spruce_boat": {
    "criteria": {
      "in_water": "2024-06-11 03:24:18 +0000"
    },
    "done": true
  },
  "minecraft:recipes/misc/red_dye_from_beetroot": {
    "criteria": {
      "has_beetroot": "2024-06-11 03:42:17 +0000"
    },
    "done": true
  },
  "minecraft:recipes/combat/wooden_sword": {
    "criteria": {
      "has_stick": "2024-06-11 03:34:58 +0000"
    },
    "done": true
  },
  "minecraft:recipes/tools/stone_shovel": {
    "criteria": {
      "has_cobblestone": "2024-06-11 03:47:00 +0000"
    },
    "done": true
  },
  "minecraft:recipes/building_blocks/oak_planks": {
    "criteria": {
      "has_logs": "2024-06-11 03:45:16 +0000"
    },
    "done": true
  },
  "mcwbridges:recipes/iron_platform": {
    "criteria": {
      "has_planks": "2024-06-11 03:39:50 +0000"
    },
    "done": true
  },
  "minecraft:recipes/combat/iron_leggings": {
    "criteria": {
      "has_iron_ingot": "2024-06-11 03:39:50 +0000"
    },
    "done": true
  },
  "minecraft:recipes/tools/iron_axe": {
    "criteria": {
      "has_iron_ingot": "2024-06-11 03:39:50 +0000"
    },
    "done": true
  },
  "minecraft:husbandry/balanced_diet": {
    "criteria": {
      "cooked_porkchop": "2024-06-11 03:43:47 +0000",
      "cooked_beef": "2024-06-11 03:31:48 +0000",
      "apple": "2024-06-11 03:41:00 +0000",
      "rotten_flesh": "2024-06-11 03:39:16 +0000",
      "beetroot": "2024-06-11 03:45:03 +0000"
    },
    "done": false
  },
  "minecraft:recipes/tools/wooden_hoe": {
    "criteria": {
      "has_stick": "2024-06-11 03:34:58 +0000"
    },
    "done": true
  },
  "minecraft:recipes/combat/shield": {
    "criteria": {
      "has_iron_ingot": "2024-06-11 03:39:50 +0000"
    },
    "done": true
  },
  "mcwdoors:recipes/oak/oak_bark_glass_door": {
    "criteria": {
      "has_planks": "2024-06-11 03:45:17 +0000"
    },
    "done": true
  },
  "sophisticatedbackpacks:recipes/sophisticatedbackpacks/blasting_upgrade_from_smelting_upgrade": {
    "criteria": {
      "has_smelting_upgrade": "2024-06-11 03:23:54 +0000"
    },
    "done": true
  },
  "minecraft:recipes/building_blocks/cobblestone_slab": {
    "criteria": {
      "has_cobblestone": "2024-06-11 03:47:00 +0000"
    },
    "done": true
  },
  "minecraft:recipes/misc/bucket": {
    "criteria": {
      "has_iron_ingot": "2024-06-11 03:39:50 +0000"
    },
    "done": true
  },
  "minecraft:recipes/combat/iron_boots": {
    "criteria": {
      "has_iron_ingot": "2024-06-11 03:39:50 +0000"
    },
    "done": true
  },
  "minecraft:recipes/building_blocks/cobblestone_stairs": {
    "criteria": {
      "has_cobblestone": "2024-06-11 03:47:00 +0000"
    },
    "done": true
  },
  "minecraft:recipes/redstone/hopper": {
    "criteria": {
      "has_iron_ingot": "2024-06-11 03:39:50 +0000"
    },
    "done": true
  },
  "biomesoplenty:biomesoplenty/root": {
    "criteria": {
      "dense_marsh": "2024-06-11 03:24:13 +0000"
    },
    "done": true
  },
  "biomesoplenty:recipes/transportation/magic_boat": {
    "criteria": {
      "in_water": "2024-06-11 03:24:18 +0000"
    },
    "done": true
  },
  "biomesoplenty:recipes/decorations/mahogany_fence": {
    "criteria": {
      "has_planks": "2024-06-11 03:34:01 +0000"
    },
    "done": true
  },
  "mcwdoors:recipes/metal_warning_door": {
    "criteria": {
      "has_planks": "2024-06-11 03:39:50 +0000"
    },
    "done": true
  },
  "minecraft:recipes/decorations/yellow_bed_from_white_bed": {
    "criteria": {
      "has_bed": "2024-06-11 03:33:47 +0000"
    },
    "done": true
  },
  "minecraft:recipes/building_blocks/oak_wood": {
    "criteria": {
      "has_log": "2024-06-11 03:45:17 +0000"
    },
    "done": true
  },
  "minecraft:story/root": {
    "criteria": {
      "crafting_table": "2024-06-11 03:34:30 +0000"
    },
    "done": true
  },
  "mcwdoors:recipes/metal_hospital_door": {
    "criteria": {
      "has_planks": "2024-06-11 03:39:50 +0000"
    },
    "done": true
  },
  "minecraft:recipes/combat/iron_chestplate": {
    "criteria": {
      "has_iron_ingot": "2024-06-11 03:39:50 +0000"
    },
    "done": true
  },
  "sophisticatedbackpacks:recipes/sophisticatedbackpacks/upgrade_base": {
    "criteria": {
      "has_leather": "2024-06-11 03:25:28 +0000"
    },
    "done": true
  },
  "minecraft:recipes/combat/crossbow": {
    "criteria": {
      "has_stick": "2024-06-11 03:34:58 +0000"
    },
    "done": true
  },
  "biomesoplenty:recipes/redstone/mahogany_trapdoor": {
    "criteria": {
      "has_planks": "2024-06-11 03:34:01 +0000"
    },
    "done": true
  },
  "sophisticatedbackpacks:recipes/sophisticatedbackpacks/smoking_upgrade": {
    "criteria": {
      "has_upgrade_base": "2024-06-11 03:23:54 +0000"
    },
    "done": true
  },
  "biomesoplenty:recipes/transportation/cherry_boat": {
    "criteria": {
      "in_water": "2024-06-11 03:24:18 +0000"
    },
    "done": true
  },
  "minecraft:recipes/food/cooked_porkchop_from_smoking": {
    "criteria": {
      "has_porkchop": "2024-06-11 03:45:35 +0000"
    },
    "done": true
  },
  "biomesoplenty:recipes/transportation/fir_boat": {
    "criteria": {
      "in_water": "2024-06-11 03:24:18 +0000"
    },
    "done": true
  },
  "minecraft:recipes/misc/leather_horse_armor": {
    "criteria": {
      "has_leather": "2024-06-11 03:25:28 +0000"
    },
    "done": true
  },
  "minecraft:recipes/combat/leather_leggings": {
    "criteria": {
      "has_leather": "2024-06-11 03:25:28 +0000"
    },
    "done": true
  },
  "minecraft:recipes/combat/iron_helmet": {
    "criteria": {
      "has_iron_ingot": "2024-06-11 03:39:50 +0000"
    },
    "done": true
  },
  "sophisticatedbackpacks:recipes/sophisticatedbackpacks/blasting_upgrade": {
    "criteria": {
      "has_upgrade_base": "2024-06-11 03:23:54 +0000"
    },
    "done": true
  },
  "minecraft:recipes/decorations/light_blue_bed_from_white_bed": {
    "criteria": {
      "has_bed": "2024-06-11 03:33:47 +0000"
    },
    "done": true
  },
  "minecraft:recipes/misc/iron_nugget_from_blasting": {
    "criteria": {
      "has_iron_axe": "2024-06-11 03:38:28 +0000"
    },
    "done": true
  },
  "sophisticatedbackpacks:recipes/sophisticatedbackpacks/backpack": {
    "criteria": {
      "has_leather": "2024-06-11 03:25:28 +0000"
    },
    "done": true
  },
  "minecraft:recipes/combat/leather_chestplate": {
    "criteria": {
      "has_leather": "2024-06-11 03:25:28 +0000"
    },
    "done": true
  },
  "sophisticatedbackpacks:recipes/sophisticatedbackpacks/auto_smoking_upgrade": {
    "criteria": {
      "has_smoking_upgrade": "2024-06-11 03:23:54 +0000"
    },
    "done": true
  },
  "minecraft:adventure/kill_a_mob": {
    "criteria": {
      "minecraft:zombie": "2024-06-11 03:38:25 +0000"
    },
    "done": true
  },
  "minecraft:recipes/decorations/magenta_bed_from_white_bed": {
    "criteria": {
      "has_bed": "2024-06-11 03:33:47 +0000"
    },
    "done": true
  },
  "minecraft:recipes/decorations/iron_bars": {
    "criteria": {
      "has_iron_ingot": "2024-06-11 03:39:50 +0000"
    },
    "done": true
  },
  "minecraft:recipes/decorations/orange_bed_from_white_bed": {
    "criteria": {
      "has_bed": "2024-06-11 03:33:47 +0000"
    },
    "done": true
  },
  "minecraft:story/mine_stone": {
    "criteria": {
      "get_stone": "2024-06-11 03:47:00 +0000"
    },
    "done": true
  },
  "biomesoplenty:biomesoplenty/all_biomes": {
    "criteria": {
      "marsh": "2024-06-11 03:24:17 +0000",
      "golden_prairie": "2024-06-11 03:37:12 +0000",
      "dense_marsh": "2024-06-11 03:24:13 +0000",
      "prairie": "2024-06-11 03:24:53 +0000"
    },
    "done": false
  },
  "minecraft:recipes/building_blocks/stone": {
    "criteria": {
      "has_cobblestone": "2024-06-11 03:47:00 +0000"
    },
    "done": true
  },
  "minecraft:recipes/redstone/target": {
    "criteria": {
      "has_hay_block": "2024-06-11 03:40:12 +0000"
    },
    "done": true
  },
  "minecraft:recipes/decorations/furnace": {
    "criteria": {
      "has_cobblestone": "2024-06-11 03:47:00 +0000"
    },
    "done": true
  },
  "minecraft:recipes/transportation/minecart": {
    "criteria": {
      "has_iron_ingot": "2024-06-11 03:39:50 +0000"
    },
    "done": true
  },
  "biomesoplenty:recipes/transportation/hellbark_boat": {
    "criteria": {
      "in_water": "2024-06-11 03:24:18 +0000"
    },
    "done": true
  },
  "minecraft:recipes/food/beetroot_soup": {
    "criteria": {
      "has_beetroot": "2024-06-11 03:42:17 +0000"
    },
    "done": true
  },
  "minecraft:recipes/food/cooked_beef": {
    "criteria": {
      "has_beef": "2024-06-11 03:25:02 +0000"
    },
    "done": true
  },
  "minecraft:recipes/brewing/cauldron": {
    "criteria": {
      "has_water_bucket": "2024-06-11 03:42:02 +0000"
    },
    "done": true
  },
  "minecraft:adventure/adventuring_time": {
    "criteria": {
      "minecraft:forest": "2024-06-11 03:23:54 +0000",
      "minecraft:deep_lukewarm_ocean": "2024-06-11 03:35:20 +0000",
      "minecraft:beach": "2024-06-11 03:24:55 +0000",
      "minecraft:river": "2024-06-11 03:26:41 +0000",
      "minecraft:lukewarm_ocean": "2024-06-11 03:30:55 +0000"
    },
    "done": false
  },
  "minecraft:recipes/redstone/iron_door": {
    "criteria": {
      "has_iron_ingot": "2024-06-11 03:39:50 +0000"
    },
    "done": true
  },
  "minecraft:adventure/sleep_in_bed": {
    "criteria": {
      "slept_in_bed": "2024-06-11 03:31:48 +0000"
    },
    "done": true
  },
  "minecraft:recipes/decorations/purple_bed_from_white_bed": {
    "criteria": {
      "has_bed": "2024-06-11 03:33:47 +0000"
    },
    "done": true
  },
  "minecraft:recipes/misc/charcoal": {
    "criteria": {
      "has_log": "2024-06-11 03:45:16 +0000"
    },
    "done": true
  },
  "minecraft:recipes/tools/iron_hoe": {
    "criteria": {
      "has_iron_ingot": "2024-06-11 03:39:50 +0000"
    },
    "done": true
  },
  "minecraft:recipes/tools/wooden_pickaxe": {
    "criteria": {
      "has_the_recipe": "2024-06-11 03:34:55 +0000"
    },
    "done": true
  },
  "minecraft:recipes/building_blocks/cobblestone_slab_from_cobblestone_stonecutting": {
    "criteria": {
      "has_cobblestone": "2024-06-11 03:47:00 +0000"
    },
    "done": true
  },
  "mcwbridges:recipes/iron_armrest": {
    "criteria": {
      "has_planks": "2024-06-11 03:39:50 +0000"
    },
    "done": true
  },
  "sophisticatedbackpacks:recipes/sophisticatedbackpacks/smoking_upgrade_from_smelting_upgrade": {
    "criteria": {
      "has_smelting_upgrade": "2024-06-11 03:23:54 +0000"
    },
    "done": true
  },
  "mcwdoors:recipes/garage_remote": {
    "criteria": {
      "has_planks": "2024-06-11 03:39:50 +0000"
    },
    "done": true
  },
  "minecraft:husbandry/root": {
    "criteria": {
      "consumed_item": "2024-06-11 03:31:48 +0000"
    },
    "done": true
  },
  "minecraft:recipes/transportation/birch_boat": {
    "criteria": {
      "in_water": "2024-06-11 03:24:18 +0000"
    },
    "done": true
  },
  "minecraft:recipes/combat/stone_sword": {
    "criteria": {
      "has_cobblestone": "2024-06-11 03:47:00 +0000"
    },
    "done": true
  },
  "minecraft:recipes/decorations/cobblestone_wall": {
    "criteria": {
      "has_cobblestone": "2024-06-11 03:47:00 +0000"
    },
    "done": true
  },
  "minecraft:recipes/decorations/barrel": {
    "criteria": {
      "has_planks": "2024-06-11 03:34:01 +0000"
    },
    "done": true
  },
  "minecraft:recipes/tools/iron_shovel": {
    "criteria": {
      "has_iron_ingot": "2024-06-11 03:39:50 +0000"
    },
    "done": true
  },
  "minecraft:recipes/transportation/acacia_boat": {
    "criteria": {
      "in_water": "2024-06-11 03:24:18 +0000"
    },
    "done": true
  },
  "minecraft:recipes/tools/stone_pickaxe": {
    "criteria": {
      "has_cobblestone": "2024-06-11 03:47:00 +0000"
    },
    "done": true
  },
  "minecraft:recipes/decorations/smithing_table": {
    "criteria": {
      "has_iron_ingot": "2024-06-11 03:39:50 +0000"
    },
    "done": true
  },
  "minecraft:recipes/redstone/iron_trapdoor": {
    "criteria": {
      "has_iron_ingot": "2024-06-11 03:39:50 +0000"
    },
    "done": true
  },
  "biomesoplenty:recipes/redstone/mahogany_pressure_plate": {
    "criteria": {
      "has_planks": "2024-06-11 03:34:01 +0000"
    },
    "done": true
  },
  "minecraft:recipes/decorations/cyan_bed_from_white_bed": {
    "criteria": {
      "has_bed": "2024-06-11 03:33:47 +0000"
    },
    "done": true
  },
  "sophisticatedbackpacks:recipes/sophisticatedbackpacks/auto_blasting_upgrade_from_auto_smelting_upgrade": {
    "criteria": {
      "has_auto_smelting_upgrade": "2024-06-11 03:23:54 +0000"
    },
    "done": true
  },
  "minecraft:adventure/root": {
    "criteria": {
      "killed_something": "2024-06-11 03:25:28 +0000"
    },
    "done": true
  },
  "minecraft:husbandry/plant_seed": {
    "criteria": {
      "beetroots": "2024-06-11 03:42:23 +0000"
    },
    "done": true
  },
  "minecraft:recipes/combat/leather_boots": {
    "criteria": {
      "has_leather": "2024-06-11 03:25:28 +0000"
    },
    "done": true
  },
  "minecraft:recipes/transportation/jungle_boat": {
    "criteria": {
      "in_water": "2024-06-11 03:24:18 +0000"
    },
    "done": true
  },
  "minecraft:recipes/decorations/cobblestone_wall_from_cobblestone_stonecutting": {
    "criteria": {
      "has_cobblestone": "2024-06-11 03:47:00 +0000"
    },
    "done": true
  },
  "minecraft:recipes/decorations/gray_bed_from_white_bed": {
    "criteria": {
      "has_bed": "2024-06-11 03:33:47 +0000"
    },
    "done": true
  },
  "biomesoplenty:recipes/building_blocks/mahogany_slab": {
    "criteria": {
      "has_planks": "2024-06-11 03:34:01 +0000"
    },
    "done": true
  },
  "minecraft:recipes/decorations/item_frame": {
    "criteria": {
      "has_leather": "2024-06-11 03:25:28 +0000"
    },
    "done": true
  },
  "minecraft:recipes/decorations/lime_bed_from_white_bed": {
    "criteria": {
      "has_bed": "2024-06-11 03:33:47 +0000"
    },
    "done": true
  },
  "minecraft:recipes/redstone/heavy_weighted_pressure_plate": {
    "criteria": {
      "has_iron_ingot": "2024-06-11 03:39:50 +0000"
    },
    "done": true
  },
  "minecraft:recipes/tools/stone_hoe": {
    "criteria": {
      "has_cobblestone": "2024-06-11 03:47:00 +0000"
    },
    "done": true
  },
  "minecraft:recipes/transportation/dark_oak_boat": {
    "criteria": {
      "in_water": "2024-06-11 03:24:18 +0000"
    },
    "done": true
  },
  "mcwdoors:recipes/garage_black_door": {
    "criteria": {
      "has_planks": "2024-06-11 03:39:50 +0000"
    },
    "done": true
  },
  "sophisticatedbackpacks:recipes/sophisticatedbackpacks/auto_smoking_upgrade_from_auto_smelting_upgrade": {
    "criteria": {
      "has_auto_smelting_upgrade": "2024-06-11 03:23:54 +0000"
    },
    "done": true
  },
  "minecraft:adventure/kill_all_mobs": {
    "criteria": {
      "minecraft:zombie": "2024-06-11 03:38:25 +0000"
    },
    "done": false
  },
  "biomesoplenty:recipes/building_blocks/mahogany_stairs": {
    "criteria": {
      "has_planks": "2024-06-11 03:34:01 +0000"
    },
    "done": true
  },
  "minecraft:recipes/decorations/brown_bed_from_white_bed": {
    "criteria": {
      "has_bed": "2024-06-11 03:33:47 +0000"
    },
    "done": true
  },
  "minecraft:recipes/decorations/green_bed_from_white_bed": {
    "criteria": {
      "has_bed": "2024-06-11 03:33:47 +0000"
    },
    "done": true
  },
  "mcwdoors:recipes/garage_gray_door": {
    "criteria": {
      "has_planks": "2024-06-11 03:39:50 +0000"
    },
    "done": true
  },
  "mcwdoors:recipes/metal_windowed_door": {
    "criteria": {
      "has_planks": "2024-06-11 03:39:50 +0000"
    },
    "done": true
  },
  "dungeons_arise:wda_root": {
    "criteria": {
      "WDA": "2024-06-11 03:23:54 +0000"
    },
    "done": true
  },
  "minecraft:recipes/building_blocks/stripped_oak_wood": {
    "criteria": {
      "has_log": "2024-06-11 03:45:16 +0000"
    },
    "done": true
  },
  "mcwdoors:recipes/metal_reinforced_door": {
    "criteria": {
      "has_planks": "2024-06-11 03:39:50 +0000"
    },
    "done": true
  },
  "minecraft:recipes/food/cooked_beef_from_smoking": {
    "criteria": {
      "has_beef": "2024-06-11 03:25:02 +0000"
    },
    "done": true
  },
  "sophisticatedbackpacks:recipes/sophisticatedbackpacks/auto_blasting_upgrade": {
    "criteria": {
      "has_blasting_upgrade": "2024-06-11 03:23:54 +0000"
    },
    "done": true
  },
  "minecraft:recipes/decorations/pink_bed_from_white_bed": {
    "criteria": {
      "has_bed": "2024-06-11 03:33:47 +0000"
    },
    "done": true
  },
  "minecraft:recipes/decorations/lantern": {
    "criteria": {
      "has_iron_ingot": "2024-06-11 03:39:50 +0000"
    },
    "done": true
  },
  "mcwdoors:recipes/metal_door": {
    "criteria": {
      "has_planks": "2024-06-11 03:39:50 +0000"
    },
    "done": true
  },
  "minecraft:recipes/misc/iron_nugget_from_smelting": {
    "criteria": {
      "has_iron_axe": "2024-06-11 03:38:28 +0000"
    },
    "done": true
  },
  "biomesoplenty:recipes/transportation/jacaranda_boat": {
    "criteria": {
      "in_water": "2024-06-11 03:24:18 +0000"
    },
    "done": true
  },
  "mcwdoors:recipes/jail_door": {
    "criteria": {
      "has_planks": "2024-06-11 03:39:50 +0000"
    },
    "done": true
  },
  "minecraft:recipes/food/cooked_beef_from_campfire_cooking": {
    "criteria": {
      "has_beef": "2024-06-11 03:25:02 +0000"
    },
    "done": true
  },
  "minecraft:recipes/decorations/chain": {
    "criteria": {
      "has_iron_ingot": "2024-06-11 03:39:50 +0000"
    },
    "done": true
  },
  "biomesoplenty:recipes/redstone/mahogany_fence_gate": {
    "criteria": {
      "has_planks": "2024-06-11 03:34:01 +0000"
    },
    "done": true
  },
  "biomesoplenty:recipes/redstone/mahogany_button": {
    "criteria": {
      "has_planks": "2024-06-11 03:34:01 +0000"
    },
    "done": true
  },
  "minecraft:recipes/decorations/red_bed_from_white_bed": {
    "criteria": {
      "has_bed": "2024-06-11 03:33:47 +0000"
    },
    "done": true
  },
  "mcwbridges:recipes/iron_rod": {
    "criteria": {
      "has_planks": "2024-06-11 03:39:50 +0000"
    },
    "done": true
  },
  "minecraft:recipes/transportation/oak_boat": {
    "criteria": {
      "in_water": "2024-06-11 03:24:18 +0000"
    },
    "done": true
  },
  "minecraft:recipes/decorations/soul_campfire": {
    "criteria": {
      "has_stick": "2024-06-11 03:34:58 +0000"
    },
    "done": true
  },
  "biomesoplenty:recipes/redstone/mahogany_door": {
    "criteria": {
      "has_planks": "2024-06-11 03:34:01 +0000"
    },
    "done": true
  },
  "minecraft:story/smelt_iron": {
    "criteria": {
      "iron": "2024-06-11 03:39:50 +0000"
    },
    "done": true
  },
  "minecraft:recipes/tools/stone_axe": {
    "criteria": {
      "has_cobblestone": "2024-06-11 03:47:00 +0000"
    },
    "done": true
  },
  "mcwdoors:recipes/garage_white_door": {
    "criteria": {
      "has_planks": "2024-06-11 03:39:50 +0000"
    },
    "done": true
  },
  "minecraft:recipes/decorations/blue_bed_from_white_bed": {
    "criteria": {
      "has_bed": "2024-06-11 03:33:47 +0000"
    },
    "done": true
  },
  "minecraft:recipes/food/cooked_porkchop": {
    "criteria": {
      "has_the_recipe": "2024-06-11 03:33:11 +0000"
    },
    "done": true
  },
  "minecraft:recipes/decorations/light_gray_bed_from_white_bed": {
    "criteria": {
      "has_bed": "2024-06-11 03:33:47 +0000"
    },
    "done": true
  },
  "DataVersion": 2586
}